Hva er din alder?,"Hvor mange år relevant, formell utdannelse har du?",Hvor mange års relevant arbeidserfaring har du?,Hva beskriver best din arbeidssituasjon?,I hvilket fylke jobber du?,Hva jobber du mest med?,"Hva er din grunnlønn? (årslønn før skatt, uten eventuelle bonuser eller overtidsbetaling)",Har du en bonusordning?,Alt i alt - sier du deg fornøyd med din egen lønn?
25-29,3,1,"in-house, startup",Oslo,"fullstack, web","300 000,00 kr",ja,Nei
25-29,5,2,konsulent,Trøndelag,"fullstack, web","350 000,00 kr",ja,Ja
30-34,5,10,konsulent,Vestland,"backend, web","350 000,00 kr",ja,Ja
40-44,5,18,konsulent,Rogaland,"fullstack, web","360 000,00 kr",ja,Ja
25-29,3,1,"in-house, privat sektor",Nordland,"backend, web","370 000,00 kr",nei,Ja
20-24,2,0,konsulent,Oslo,"backend, web","400 000,00 kr",ja,Ja
25-29,3,2,"in-house, privat sektor",Innlandet,"fullstack, web","400 000,00 kr",nei,Nei
25-29,5,2,"in-house, startup",Oslo,"fullstack, web","400 000,00 kr",nei,Ja
40-44,3,1,konsulent,Vestfold og Telemark,"frontend, web","400 000,00 kr",nei,Nei
25-29,3,1,"in-house, offentlig/kommunal sektor",Vestland,"frontend, web","402 000,00 kr",nei,Nei
25-29,3,1,konsulent,Vestfold og Telemark,"frontend, web","410 000,00 kr",nei,Nei
25-29,0,2,"in-house, privat sektor",Vestfold og Telemark,"fullstack, web","420 000,00 kr",nei,Nei
20-24,3,2,"in-house, privat sektor",Rogaland,"fullstack, web","430 000,00 kr",nei,Ja
20-24,0,1,konsulent,Oslo,"frontend, web","450 000,00 kr",ja,Nei
25-29,1,1,"in-house, privat sektor",Oslo,"frontend, web","450 000,00 kr",ja,Ja
25-29,1,4,"in-house, privat sektor",Troms og Finnmark,"fullstack, web","450 000,00 kr",nei,Nei
30-34,5,1,"in-house, privat sektor",Oslo,"frontend, web","450 000,00 kr",nei,Nei
30-34,1,3,"in-house, privat sektor",Oslo,"frontend, web","450 000,00 kr",nei,Nei
40-44,1,2,"in-house, privat sektor",Nordland,"fullstack, web","450 000,00 kr",ja,Nei
20-24,0,4,konsulent,Rogaland,"fullstack, web","465 000,00 kr",ja,Nei
25-29,3,2,"in-house, privat sektor",Nordland,"fullstack, web","469 000,00 kr",ja,Nei
25-29,4,2,"in-house, privat sektor",Vestfold og Telemark,"frontend, web","470 000,00 kr",nei,Nei
20-24,2,1,"in-house, offentlig/kommunal sektor",Oslo,"fullstack, web","475 000,00 kr",nei,Ja
20-24,0,2,"in-house, privat sektor",Rogaland,programvare,"475 000,00 kr",nei,Nei
20-24,3,3,frilans / selvstendig næringsdrivende,utlandet,"fullstack, web","475 000,00 kr",ja,Nei
25-29,3,1,konsulent,Oslo,"fullstack, web","475 000,00 kr",ja,Nei
50-54,3,8,"in-house, offentlig/kommunal sektor",Vestfold og Telemark,"frontend, web","478 000,00 kr",nei,Nei
20-24,3,1,"in-house, privat sektor",Vestfold og Telemark,"backend, web","480 000,00 kr",nei,Nei
20-24,0,2,"in-house, privat sektor",Vestfold og Telemark,"frontend, web","480 000,00 kr",nei,Ja
20-24,0,3,"in-house, privat sektor",Trøndelag,"fullstack, web","480 000,00 kr",nei,Nei
25-29,4,0,konsulent,Oslo,programvare,"480 000,00 kr",ja,Nei
35-39,0,3,konsulent,Trøndelag,annet,"480 000,00 kr",nei,Ja
30-34,1,4,"in-house, privat sektor",Vestfold og Telemark,programvare,"489 000,00 kr",nei,Nei
20-24,3,1,"in-house, privat sektor",Agder,"backend, web","490 000,00 kr",ja,Ja
25-29,1,0,"in-house, privat sektor",Trøndelag,"fullstack, web","490 000,00 kr",nei,Ja
25-29,3,1,"in-house, offentlig/kommunal sektor",Nordland,"frontend, web","491 000,00 kr",nei,Nei
25-29,0,2,"in-house, privat sektor",Oslo,"backend, web","497 000,00 kr",ja,Nei
20-24,3,0,konsulent,Oslo,"backend, web","500 000,00 kr",nei,Nei
20-24,3,0,konsulent,Oslo,"fullstack, web","500 000,00 kr",ja,Nei
20-24,3,0,konsulent,Oslo,"fullstack, web","500 000,00 kr",ja,Ja
20-24,3,1,"in-house, privat sektor",Agder,"frontend, web","500 000,00 kr",ja,Ja
20-24,3,1,konsulent,Agder,"fullstack, web","500 000,00 kr",nei,Ja
20-24,3,1,konsulent,Oslo,"fullstack, web","500 000,00 kr",nei,Ja
20-24,3,1,"in-house, offentlig/kommunal sektor",Oslo,programvare,"500 000,00 kr",nei,Ja
20-24,3,2,konsulent,Møre og Romsdal,"fullstack, web","500 000,00 kr",ja,Nei
20-24,3,4,konsulent,Innlandet,"fullstack, web","500 000,00 kr",ja,Ja
25-29,3,0,konsulent,Oslo,"fullstack, web","500 000,00 kr",ja,Ja
25-29,3,1,"in-house, startup",Møre og Romsdal,"fullstack, web","500 000,00 kr",nei,Nei
25-29,3,1,konsulent,Vestfold og Telemark,"fullstack, web","500 000,00 kr",ja,Ja
25-29,3,1,"in-house, startup",Vestland,"fullstack, web","500 000,00 kr",nei,Nei
25-29,3,2,"in-house, startup",Agder,"fullstack, web","500 000,00 kr",nei,Ja
25-29,3,3,"in-house, privat sektor",Møre og Romsdal,"frontend, web","500 000,00 kr",nei,Ja
30-34,0,0,"in-house, startup",Trøndelag,"frontend, web","500 000,00 kr",nei,Ja
30-34,3,3,"in-house, privat sektor",Møre og Romsdal,"fullstack, web","500 000,00 kr",nei,Nei
35-39,0,2,"in-house, privat sektor",Oslo,"fullstack, web","500 000,00 kr",ja,Nei
25-29,3,1,"in-house, privat sektor",Vestland,"frontend, web","504 000,00 kr",nei,Nei
50-54,6,26,"in-house, startup",Viken,"fullstack, web","504 000,00 kr",nei,Ja
25-29,5,1,"in-house, privat sektor",Vestland,"fullstack, web","505 000,00 kr",nei,Nei
25-29,3,3,"in-house, privat sektor",Innlandet,"fullstack, web","507 600,00 kr",nei,Ja
25-29,2,0,"in-house, privat sektor",Oslo,"frontend, web","510 000,00 kr",ja,Ja
25-29,3,0,"in-house, privat sektor",Viken,programvare,"510 000,00 kr",nei,Ja
25-29,3,1,"in-house, privat sektor",Oslo,"backend, web","510 000,00 kr",nei,Nei
30-34,4,8,"in-house, privat sektor",Møre og Romsdal,"fullstack, web","510 000,00 kr",ja,Nei
20-24,3,1,"in-house, privat sektor",Agder,"frontend, web","515 000,00 kr",nei,Ja
25-29,3,1,"in-house, privat sektor",Oslo,"frontend, web","515 000,00 kr",nei,Ja
25-29,3,2,"in-house, offentlig/kommunal sektor",Troms og Finnmark,"backend, web","516 000,00 kr",nei,Nei
25-29,3,3,"in-house, privat sektor",Vestland,programvare,"518 000,00 kr",ja,Nei
20-24,3,2,"in-house, startup",Innlandet,sikkerhet,"520 000,00 kr",nei,Ja
20-24,3,2,"in-house, privat sektor",Oslo,programvare,"520 000,00 kr",ja,Nei
25-29,3,0,konsulent,Oslo,annet,"520 000,00 kr",nei,Nei
25-29,6,0,"in-house, privat sektor",Oslo,"frontend, web","520 000,00 kr",ja,Nei
25-29,0,1,"in-house, privat sektor",Oslo,app,"520 000,00 kr",ja,Nei
25-29,3,2,"in-house, privat sektor",Agder,"backend, web","520 000,00 kr",nei,Nei
30-34,3,1,konsulent,Rogaland,data science,"520 000,00 kr",ja,Nei
30-34,3,2,konsulent,Oslo,"fullstack, web","520 000,00 kr",nei,Nei
30-34,3,4,"in-house, startup",Vestfold og Telemark,devops,"520 000,00 kr",ja,Nei
40-44,3,0,"in-house, privat sektor",Viken,app,"520 000,00 kr",nei,Ja
25-29,0,2,"in-house, privat sektor",Oslo,"fullstack, web","522 000,00 kr",nei,Ja
25-29,0,5,"in-house, privat sektor",Viken,arkitektur,"522 000,00 kr",ja,Nei
20-24,3,1,konsulent,Trøndelag,"fullstack, web","525 000,00 kr",ja,Ja
25-29,5,1,"in-house, privat sektor",Trøndelag,data science,"525 000,00 kr",ja,Ja
25-29,2,1,"in-house, startup",Vestland,"frontend, web","525 000,00 kr",nei,Ja
30-34,1,1,"in-house, offentlig/kommunal sektor",Oslo,"frontend, web","525 000,00 kr",nei,Ja
25-29,3,3,"in-house, privat sektor",Viken,"frontend, web","527 000,00 kr",nei,Nei
30-34,2,2,"in-house, privat sektor",utlandet,"fullstack, web","528 000,00 kr",ja,Ja
20-24,3,0,"in-house, privat sektor",Møre og Romsdal,"fullstack, web","530 000,00 kr",nei,Ja
20-24,3,1,"in-house, privat sektor",Viken,"backend, web","530 000,00 kr",nei,Nei
25-29,3,1,"in-house, privat sektor",Viken,"frontend, web","530 000,00 kr",ja,Nei
25-29,3,2,"in-house, privat sektor",Innlandet,"frontend, web","530 000,00 kr",ja,Nei
30-34,3,0,"in-house, privat sektor",Trøndelag,"fullstack, web","530 000,00 kr",ja,Ja
35-39,3,1,"in-house, offentlig/kommunal sektor",Vestfold og Telemark,"fullstack, web","534 000,00 kr",nei,Nei
20-24,5,1,konsulent,Oslo,"fullstack, web","535 000,00 kr",ja,Nei
20-24,5,1,konsulent,Oslo,"fullstack, web","535 000,00 kr",ja,Ja
25-29,6,0,konsulent,Oslo,"backend, web","535 000,00 kr",ja,Ja
25-29,5,1,konsulent,Oslo,"backend, web","535 000,00 kr",ja,Nei
25-29,7,1,konsulent,Oslo,"backend, web","535 000,00 kr",ja,Nei
30-34,3,0,konsulent,Vestfold og Telemark,programvare,"535 000,00 kr",ja,Ja
25-29,2,0,konsulent,Oslo,"backend, web","536 000,00 kr",ja,Ja
20-24,3,1,konsulent,Vestland,"fullstack, web","540 000,00 kr",nei,Ja
25-29,3,1,"in-house, privat sektor",Oslo,"fullstack, web","540 000,00 kr",nei,Nei
25-29,6,2,"in-house, privat sektor",Oslo,embedded/IOT/maskinvare,"540 000,00 kr",ja,Ja
25-29,3,2,"in-house, privat sektor",Oslo,"fullstack, web","540 000,00 kr",nei,Nei
25-29,3,2,"in-house, privat sektor",Viken,"fullstack, web","540 000,00 kr",ja,Nei
25-29,3,3,"in-house, privat sektor",Vestfold og Telemark,"fullstack, web","540 000,00 kr",nei,Nei
30-34,5,1,"in-house, privat sektor",Viken,programvare,"540 000,00 kr",nei,Ja
30-34,3,2,konsulent,Agder,programvare,"540 000,00 kr",nei,Nei
35-39,3,1,"in-house, privat sektor",Vestland,"fullstack, web","540 000,00 kr",nei,Nei
35-39,1,2,"in-house, offentlig/kommunal sektor",Oslo,"frontend, web","540 000,00 kr",nei,Nei
35-39,1,4,"in-house, privat sektor",Rogaland,"frontend, web","540 000,00 kr",ja,Ja
25-29,5,2,"in-house, privat sektor",Trøndelag,embedded/IOT/maskinvare,"540 600,00 kr",ja,Nei
25-29,6,2,"in-house, privat sektor",Trøndelag,embedded/IOT/maskinvare,"540 600,00 kr",ja,Nei
20-24,3,1,"in-house, offentlig/kommunal sektor",Oslo,"fullstack, web","543 500,00 kr",nei,Ja
30-34,3,0,"in-house, offentlig/kommunal sektor",Oslo,databaser,"543 500,00 kr",ja,Nei
25-29,5,2,"in-house, privat sektor",Trøndelag,annet,"545 000,00 kr",ja,Ja
25-29,3,3,konsulent,Rogaland,"frontend, web","545 000,00 kr",nei,Nei
25-29,3,6,"in-house, privat sektor",Oslo,arkitektur,"545 000,00 kr",nei,Nei
30-34,2,1,"in-house, privat sektor",Trøndelag,"frontend, web","545 000,00 kr",nei,Ja
30-34,3,5,konsulent,Trøndelag,"frontend, web","545 000,00 kr",ja,Nei
20-24,3,0,"in-house, privat sektor",Oslo,"fullstack, web","550 000,00 kr",nei,Ja
20-24,3,1,konsulent,Oslo,"fullstack, web","550 000,00 kr",nei,Ja
20-24,3,1,"in-house, privat sektor",Trøndelag,"backend, web","550 000,00 kr",ja,Ja
20-24,0,2,"in-house, offentlig/kommunal sektor",Oslo,"backend, web","550 000,00 kr",nei,Nei
25-29,2,0,"in-house, privat sektor",Oslo,app,"550 000,00 kr",nei,Ja
25-29,3,1,konsulent,Oslo,"frontend, web","550 000,00 kr",nei,Nei
25-29,3,1,"in-house, startup",Vestland,"frontend, web","550 000,00 kr",ja,Ja
25-29,3,2,"in-house, offentlig/kommunal sektor",Viken,"fullstack, web","550 000,00 kr",ja,Nei
25-29,2,3,konsulent,Oslo,"frontend, web","550 000,00 kr",nei,Nei
25-29,3,4,"in-house, privat sektor",Oslo,programvare,"550 000,00 kr",nei,Ja
25-29,0,6,"in-house, privat sektor",Trøndelag,"fullstack, web","550 000,00 kr",nei,Nei
30-34,1,1,"in-house, privat sektor",Oslo,"frontend, web","550 000,00 kr",nei,Ja
30-34,3,1,"in-house, privat sektor",Trøndelag,"frontend, web","550 000,00 kr",nei,Nei
30-34,3,4,"in-house, privat sektor",Vestfold og Telemark,"fullstack, web","550 000,00 kr",nei,Ja
30-34,0,4,"in-house, privat sektor",Viken,"frontend, web","550 000,00 kr",ja,Ja
30-34,5,6,"in-house, offentlig/kommunal sektor",Vestland,"fullstack, web","550 000,00 kr",nei,Nei
30-34,0,7,"in-house, privat sektor",Oslo,devops,"550 000,00 kr",ja,Nei
30-34,5,7,"in-house, startup",Oslo,"fullstack, web","550 000,00 kr",ja,Ja
30-34,4,9,"in-house, offentlig/kommunal sektor",Agder,annet,"550 000,00 kr",ja,Ja
35-39,3,1,"in-house, privat sektor",Innlandet,programvare,"550 000,00 kr",nei,Ja
35-39,0,11,"in-house, privat sektor",utlandet,"fullstack, web","550 000,00 kr",nei,Nei
40-44,4,2,"in-house, privat sektor",Viken,"backend, web","550 000,00 kr",nei,Nei
40-44,0,5,"in-house, privat sektor",Oslo,"frontend, web","552 000,00 kr",ja,Nei
30-34,3,3,"in-house, privat sektor",Viken,"fullstack, web","553 000,00 kr",ja,Nei
25-29,3,2,konsulent,Oslo,"fullstack, web","557 000,00 kr",ja,Ja
20-24,3,2,"in-house, privat sektor",Viken,programvare,"560 000,00 kr",ja,Nei
25-29,3,0,konsulent,Oslo,sikkerhet,"560 000,00 kr",ja,Ja
25-29,3,1,konsulent,Nordland,automatisering,"560 000,00 kr",nei,Ja
25-29,5,1,konsulent,Oslo,"backend, web","560 000,00 kr",ja,Nei
25-29,3,1,"in-house, privat sektor",Oslo,devops,"560 000,00 kr",ja,Ja
25-29,3,2,konsulent,Oslo,devops,"560 000,00 kr",ja,Nei
25-29,5,2,konsulent,Rogaland,devops,"560 000,00 kr",nei,Nei
25-29,3,3,"in-house, offentlig/kommunal sektor",Nordland,"fullstack, web","560 000,00 kr",ja,Nei
25-29,3,4,"in-house, privat sektor",Vestfold og Telemark,"fullstack, web","560 000,00 kr",ja,Nei
30-34,3,8,"in-house, offentlig/kommunal sektor",Oslo,"frontend, web","560 000,00 kr",nei,Ja
30-34,2,10,konsulent,Vestfold og Telemark,"fullstack, web","560 000,00 kr",ja,Nei
35-39,3,2,"in-house, privat sektor",Vestfold og Telemark,"frontend, web","560 000,00 kr",nei,Ja
25-29,5,"1,7","in-house, offentlig/kommunal sektor",Agder,"backend, web","562 200,00 kr",nei,Ja
30-34,3,4,"in-house, offentlig/kommunal sektor",Trøndelag,"fullstack, web","562 900,00 kr",nei,Nei
30-34,3,1,konsulent,Trøndelag,"backend, web","563 000,00 kr",nei,Ja
20-24,3,0,"in-house, privat sektor",Trøndelag,app,"565 000,00 kr",nei,Ja
25-29,3,0,konsulent,Vestland,arkitektur,"565 000,00 kr",nei,Ja
25-29,3,1,konsulent,Oslo,automatisering,"565 000,00 kr",nei,Ja
25-29,2,1,"in-house, startup",Oslo,programvare,"565 000,00 kr",nei,Ja
25-29,5,3,konsulent,Vestland,"backend, web","565 000,00 kr",ja,Ja
25-29,3,4,konsulent,Møre og Romsdal,"fullstack, web","565 000,00 kr",nei,Nei
25-29,3,4,"in-house, startup",Trøndelag,"fullstack, web","565 000,00 kr",nei,Ja
35-39,3,7,konsulent,Innlandet,automatisering,"565 000,00 kr",nei,Ja
35-39,3,11,"in-house, offentlig/kommunal sektor",Møre og Romsdal,embedded/IOT/maskinvare,"565 000,00 kr",ja,Nei
40-44,0,11,"in-house, privat sektor",Agder,"fullstack, web","565 000,00 kr",nei,Nei
25-29,6,3,"in-house, privat sektor",Trøndelag,devops,"568 000,00 kr",ja,Ja
35-39,3,4,"in-house, privat sektor",Trøndelag,embedded/IOT/maskinvare,"568 500,00 kr",ja,Ja
35-39,2,2,"in-house, offentlig/kommunal sektor",Oslo,"backend, web","569 000,00 kr",nei,Ja
20-24,0,0,"in-house, privat sektor",Oslo,"frontend, web","570 000,00 kr",ja,Ja
25-29,5,0,"in-house, privat sektor",Oslo,"fullstack, web","570 000,00 kr",ja,Ja
25-29,5,0,konsulent,Viken,programvare,"570 000,00 kr",ja,Ja
25-29,5,1,"in-house, offentlig/kommunal sektor",Oslo,"backend, web","570 000,00 kr",ja,Ja
25-29,3,1,konsulent,Vestland,"fullstack, web","570 000,00 kr",ja,Ja
25-29,3,2,"in-house, privat sektor",Oslo,"backend, web","570 000,00 kr",ja,Nei
40-44,2,18,"in-house, privat sektor",Trøndelag,"frontend, web","570 000,00 kr",ja,Ja
20-24,5,0,"in-house, privat sektor",Oslo,"backend, web","573 000,00 kr",ja,Nei
20-24,2,2,"in-house, privat sektor",Rogaland,"fullstack, web","575 000,00 kr",nei,Nei
20-24,3,2,"in-house, offentlig/kommunal sektor",Troms og Finnmark,programvare,"575 000,00 kr",nei,Ja
25-29,2,2,konsulent,Vestfold og Telemark,"frontend, web","575 000,00 kr",nei,Nei
25-29,3,2,"in-house, privat sektor",Vestland,"backend, web","575 000,00 kr",ja,Nei
30-34,4,2,"in-house, offentlig/kommunal sektor",Oslo,data science,"575 600,00 kr",nei,Ja
25-29,4,2,"in-house, privat sektor",Vestland,"fullstack, web","576 000,00 kr",ja,Ja
30-34,6,0,"in-house, privat sektor",Agder,programvare,"576 000,00 kr",nei,Ja
35-39,2,2,"in-house, privat sektor",Vestland,"fullstack, web","576 000,00 kr",ja,Nei
25-29,3,1,konsulent,Vestland,"fullstack, web","577 500,00 kr",ja,Ja
30-34,3,1,"in-house, privat sektor",Oslo,"frontend, web","578 000,00 kr",ja,Ja
20-24,3,0,"in-house, offentlig/kommunal sektor",Oslo,app,"580 000,00 kr",nei,Ja
20-24,3,2,konsulent,Oslo,"frontend, web","580 000,00 kr",ja,Nei
20-24,3,3,konsulent,Viken,"backend, web","580 000,00 kr",nei,Nei
25-29,3,0,konsulent,Trøndelag,"fullstack, web","580 000,00 kr",nei,Ja
25-29,3,1,"in-house, privat sektor",Vestfold og Telemark,programvare,"580 000,00 kr",ja,Ja
25-29,3,3,"in-house, privat sektor",Nordland,programvare,"580 000,00 kr",nei,Ja
35-39,2,1,"in-house, privat sektor",Trøndelag,"fullstack, web","580 000,00 kr",nei,Nei
35-39,3,1,"in-house, privat sektor",Vestland,"frontend, web","580 000,00 kr",nei,Ja
35-39,3,2,"in-house, privat sektor",Vestfold og Telemark,"fullstack, web","580 000,00 kr",nei,Ja
35-39,0,3,"in-house, startup",Oslo,"frontend, web","580 000,00 kr",nei,Nei
45-49,3,1,"in-house, privat sektor",Møre og Romsdal,"backend, web","580 000,00 kr",nei,Ja
30-34,5,3,"in-house, privat sektor",Oslo,embedded/IOT/maskinvare,"581 200,00 kr",ja,Nei
25-29,5,2,"in-house, privat sektor",Trøndelag,embedded/IOT/maskinvare,"582 000,00 kr",ja,Nei
30-34,5,4,"in-house, privat sektor",Trøndelag,embedded/IOT/maskinvare,"582 000,00 kr",ja,Nei
25-29,5,1,"in-house, privat sektor",Oslo,"fullstack, web","583 000,00 kr",nei,Nei
20-24,5,1,"in-house, offentlig/kommunal sektor",Oslo,programvare,"583 500,00 kr",nei,Ja
25-29,3,3,"in-house, privat sektor",Trøndelag,embedded/IOT/maskinvare,"584 000,00 kr",ja,Ja
25-29,3,4,"in-house, privat sektor",Oslo,devops,"584 000,00 kr",ja,Ja
25-29,5,2,konsulent,Oslo,"backend, web","585 000,00 kr",ja,Nei
25-29,5,3,konsulent,Oslo,"fullstack, web","585 000,00 kr",nei,Nei
25-29,3,5,"in-house, offentlig/kommunal sektor",Vestland,devops,"585 000,00 kr",nei,Nei
35-39,3,0,"in-house, privat sektor",Oslo,databaser,"585 000,00 kr",nei,Nei
35-39,0,3,"in-house, privat sektor",Oslo,UX / design,"585 000,00 kr",nei,Nei
25-29,5,2,"in-house, privat sektor",Viken,"fullstack, web","588 000,00 kr",ja,Nei
25-29,5,2,"in-house, privat sektor",Oslo,"fullstack, web","589 000,00 kr",ja,Nei
25-29,3,4,"in-house, offentlig/kommunal sektor",Vestfold og Telemark,"backend, web","589 000,00 kr",nei,Nei
20-24,3,1,"in-house, privat sektor",Møre og Romsdal,"fullstack, web","590 000,00 kr",ja,Ja
25-29,0,0,"in-house, privat sektor",Oslo,"frontend, web","590 000,00 kr",nei,Ja
25-29,5,1,konsulent,Oslo,"frontend, web","590 000,00 kr",nei,Ja
25-29,3,2,"in-house, offentlig/kommunal sektor",Oslo,programvare,"590 000,00 kr",nei,Ja
25-29,5,2,"in-house, offentlig/kommunal sektor",Vestland,"fullstack, web","590 000,00 kr",nei,Ja
25-29,3,3,"in-house, privat sektor",Vestfold og Telemark,automatisering,"590 000,00 kr",ja,Nei
25-29,3,3,"in-house, privat sektor",Vestland,app,"590 000,00 kr",nei,Nei
25-29,3,7,"in-house, privat sektor",Trøndelag,"backend, web","590 000,00 kr",ja,Ja
30-34,3,0,"in-house, offentlig/kommunal sektor",Viken,"backend, web","590 000,00 kr",nei,Ja
30-34,3,8,"in-house, privat sektor",Oslo,UX / design,"590 000,00 kr",ja,Nei
35-39,3,2,"in-house, privat sektor",Oslo,"fullstack, web","590 000,00 kr",ja,Nei
25-29,5,2,konsulent,Oslo,data science,"592 000,00 kr",ja,Nei
30-34,3,8,konsulent,Vestfold og Telemark,"fullstack, web","592 800,00 kr",ja,Ja
30-34,3,8,"in-house, offentlig/kommunal sektor",Viken,programvare,"593 000,00 kr",nei,Ja
25-29,5,1,konsulent,Oslo,"backend, web","593 700,00 kr",ja,Nei
35-39,3,1,"in-house, privat sektor",Nordland,"backend, web","594 000,00 kr",ja,Ja
25-29,"5,5","3,5","in-house, privat sektor",Vestland,"fullstack, web","595 000,00 kr",nei,Nei
40-44,3,10,"in-house, privat sektor",Troms og Finnmark,"frontend, web","597 000,00 kr",ja,Nei
20-24,5,0,"in-house, privat sektor",Oslo,"fullstack, web","600 000,00 kr",nei,Ja
20-24,5,0,"in-house, privat sektor",Oslo,"fullstack, web","600 000,00 kr",nei,Ja
20-24,3,1,"in-house, offentlig/kommunal sektor",Oslo,"frontend, web","600 000,00 kr",nei,Ja
20-24,3,1,"in-house, privat sektor",Oslo,"fullstack, web","600 000,00 kr",ja,Ja
20-24,3,"1,5","in-house, privat sektor",Oslo,"frontend, web","600 000,00 kr",nei,Nei
20-24,3,2,konsulent,Vestland,"fullstack, web","600 000,00 kr",ja,Nei
25-29,0,0,"in-house, privat sektor",Troms og Finnmark,data science,"600 000,00 kr",ja,Nei
25-29,3,1,"in-house, offentlig/kommunal sektor",Oslo,"backend, web","600 000,00 kr",nei,Ja
25-29,5,1,"in-house, startup",Vestfold og Telemark,"frontend, web","600 000,00 kr",nei,Ja
25-29,5,1,"in-house, startup",Vestland,app,"600 000,00 kr",nei,Nei
25-29,5,1,"in-house, offentlig/kommunal sektor",Vestland,"frontend, web","600 000,00 kr",nei,Ja
25-29,3,2,konsulent,Trøndelag,"backend, web","600 000,00 kr",ja,Ja
25-29,5,2,"in-house, privat sektor",Trøndelag,programvare,"600 000,00 kr",nei,Ja
25-29,0,2,"in-house, startup",Viken,devops,"600 000,00 kr",ja,Ja
25-29,3,2,"in-house, startup",Viken,"frontend, web","600 000,00 kr",nei,Ja
25-29,0,2,"in-house, startup",Viken,programvare,"600 000,00 kr",ja,Ja
25-29,3,3,"in-house, privat sektor",Nordland,app,"600 000,00 kr",ja,Nei
25-29,3,3,konsulent,Oslo,"frontend, web","600 000,00 kr",ja,Ja
25-29,5,3,konsulent,Trøndelag,devops,"600 000,00 kr",ja,Ja
25-29,5,3,konsulent,Trøndelag,"frontend, web","600 000,00 kr",nei,Nei
25-29,0,4,"in-house, startup",Oslo,"backend, web","600 000,00 kr",nei,Ja
25-29,3,4,"in-house, privat sektor",Vestland,"frontend, web","600 000,00 kr",ja,Ja
25-29,3,5,konsulent,Oslo,"fullstack, web","600 000,00 kr",ja,Ja
25-29,2,5,"in-house, privat sektor",Vestland,annet,"600 000,00 kr",nei,Nei
25-29,3,6,konsulent,Agder,"backend, web","600 000,00 kr",ja,Nei
25-29,2,6,"in-house, offentlig/kommunal sektor",Oslo,devops,"600 000,00 kr",ja,Ja
25-29,5,7,frilans / selvstendig næringsdrivende,Innlandet,devops,"600 000,00 kr",nei,Nei
25-29,2,12,konsulent,Oslo,"fullstack, web","600 000,00 kr",nei,Nei
30-34,3,0,"in-house, privat sektor",Trøndelag,"fullstack, web","600 000,00 kr",ja,Ja
30-34,5,0,"in-house, privat sektor",Vestland,automatisering,"600 000,00 kr",nei,Ja
30-34,3,1,"in-house, offentlig/kommunal sektor",Oslo,"backend, web","600 000,00 kr",ja,Ja
30-34,0,1,"in-house, startup",Oslo,"fullstack, web","600 000,00 kr",nei,Ja
30-34,4,1,konsulent,Oslo,"fullstack, web","600 000,00 kr",ja,Ja
30-34,3,3,konsulent,Oslo,"backend, web","600 000,00 kr",ja,Ja
30-34,3,3,"in-house, privat sektor",Viken,"frontend, web","600 000,00 kr",nei,Nei
30-34,6,4,konsulent,Oslo,app,"600 000,00 kr",ja,Nei
30-34,3,4,konsulent,Oslo,"backend, web","600 000,00 kr",ja,Ja
30-34,5,4,konsulent,Trøndelag,"frontend, web","600 000,00 kr",ja,Ja
30-34,3,5,"in-house, privat sektor",Nordland,"fullstack, web","600 000,00 kr",ja,Ja
30-34,2,5,"in-house, privat sektor",Troms og Finnmark,"fullstack, web","600 000,00 kr",nei,Nei
30-34,2,7,"in-house, privat sektor",Agder,"backend, web","600 000,00 kr",nei,Nei
30-34,3,8,konsulent,Oslo,"frontend, web","600 000,00 kr",ja,Ja
30-34,3,10,konsulent,Oslo,arkitektur,"600 000,00 kr",ja,Ja
30-34,0,10,frilans / selvstendig næringsdrivende,Viken,"fullstack, web","600 000,00 kr",ja,Ja
35-39,5,9,konsulent,Oslo,"backend, web","600 000,00 kr",ja,Ja
35-39,3,12,konsulent,Agder,"fullstack, web","600 000,00 kr",ja,Ja
35-39,8,17,"in-house, privat sektor",Oslo,"frontend, web","600 000,00 kr",ja,Ja
35-39,0,20,"in-house, privat sektor",Oslo,"frontend, web","600 000,00 kr",nei,Nei
40-44,3,3,"in-house, privat sektor",Nordland,"fullstack, web","600 000,00 kr",ja,Nei
40-44,5,10,frilans / selvstendig næringsdrivende,Oslo,programvare,"600 000,00 kr",ja,Nei
40-44,3,19,konsulent,Oslo,"fullstack, web","600 000,00 kr",ja,Nei
25-29,5,5,"in-house, privat sektor",Oslo,embedded/IOT/maskinvare,"601 000,00 kr",ja,Nei
25-29,9,1,"in-house, privat sektor",Trøndelag,annet,"601 700,00 kr",ja,Ja
25-29,0,6,"in-house, offentlig/kommunal sektor",Trøndelag,devops,"604 700,00 kr",nei,Ja
25-29,3,4,"in-house, offentlig/kommunal sektor",Oslo,"backend, web","604 800,00 kr",nei,Ja
20-24,5,1,konsulent,Oslo,"fullstack, web","605 000,00 kr",nei,Ja
25-29,5,"0,5",konsulent,Oslo,"fullstack, web","605 000,00 kr",nei,Ja
25-29,5,1,"in-house, startup",Oslo,embedded/IOT/maskinvare,"605 000,00 kr",nei,Ja
30-34,3,1,"in-house, privat sektor",Vestland,programvare,"605 000,00 kr",nei,Ja
30-34,3,7,"in-house, offentlig/kommunal sektor",Vestfold og Telemark,databaser,"605 000,00 kr",nei,Nei
40-44,5,12,"in-house, privat sektor",Vestland,"fullstack, web","606 000,00 kr",nei,Ja
25-29,5,"0,5",konsulent,Oslo,"fullstack, web","607 000,00 kr",ja,Ja
25-29,5,2,konsulent,Oslo,"fullstack, web","609 000,00 kr",ja,Ja
30-34,3,8,"in-house, privat sektor",Oslo,"fullstack, web","609 000,00 kr",ja,Nei
20-24,3,0,"in-house, privat sektor",Viken,devops,"610 000,00 kr",nei,Ja
20-24,0,2,"in-house, privat sektor",Oslo,"fullstack, web","610 000,00 kr",ja,Nei
25-29,3,1,konsulent,Rogaland,app,"610 000,00 kr",nei,Ja
25-29,5,1,konsulent,Trøndelag,"fullstack, web","610 000,00 kr",nei,Nei
25-29,5,2,"in-house, privat sektor",Oslo,"fullstack, web","610 000,00 kr",nei,Ja
25-29,5,3,"in-house, privat sektor",Oslo,"fullstack, web","610 000,00 kr",nei,Ja
25-29,3,5,"in-house, privat sektor",Rogaland,app,"610 000,00 kr",nei,Nei
30-34,3,4,konsulent,Vestland,"fullstack, web","610 000,00 kr",nei,Nei
35-39,3,1,konsulent,Oslo,"frontend, web","610 000,00 kr",nei,Ja
35-39,3,8,konsulent,Vestfold og Telemark,devops,"610 000,00 kr",ja,Nei
25-29,4,1,"in-house, privat sektor",Oslo,"fullstack, web","613 000,00 kr",ja,Ja
25-29,3,1,"in-house, privat sektor",Oslo,"backend, web","615 000,00 kr",ja,Nei
25-29,5,2,konsulent,Oslo,"fullstack, web","615 000,00 kr",nei,Ja
25-29,3,"2,5","in-house, privat sektor",Oslo,"frontend, web","615 000,00 kr",ja,Ja
25-29,3,3,"in-house, privat sektor",Vestland,"backend, web","615 000,00 kr",ja,Ja
25-29,3,1,"in-house, privat sektor",Oslo,app,"618 000,00 kr",nei,Nei
30-34,3,2,"in-house, privat sektor",Oslo,"frontend, web","618 000,00 kr",ja,Nei
20-24,3,1,konsulent,Oslo,"backend, web","620 000,00 kr",nei,Ja
20-24,3,2,konsulent,Oslo,sikkerhet,"620 000,00 kr",ja,Ja
25-29,5,1,konsulent,Oslo,"fullstack, web","620 000,00 kr",nei,Ja
25-29,5,2,konsulent,Rogaland,"frontend, web","620 000,00 kr",ja,Nei
25-29,0,2,"in-house, startup",Vestland,"fullstack, web","620 000,00 kr",nei,Ja
25-29,1,2,"in-house, privat sektor",Viken,devops,"620 000,00 kr",ja,Nei
25-29,3,3,"in-house, privat sektor",Innlandet,UX / design,"620 000,00 kr",ja,Ja
25-29,5,3,"in-house, offentlig/kommunal sektor",Oslo,"backend, web","620 000,00 kr",nei,Ja
25-29,3,3,konsulent,Oslo,"frontend, web","620 000,00 kr",ja,Ja
25-29,3,3,konsulent,Rogaland,"fullstack, web","620 000,00 kr",ja,Ja
25-29,5,4,konsulent,Trøndelag,"fullstack, web","620 000,00 kr",ja,Nei
25-29,3,5,"in-house, privat sektor",Møre og Romsdal,"fullstack, web","620 000,00 kr",ja,Nei
25-29,3,8,"in-house, offentlig/kommunal sektor",Troms og Finnmark,"fullstack, web","620 000,00 kr",nei,Nei
25-29,0,9,"in-house, privat sektor",Trøndelag,programvare,"620 000,00 kr",ja,Nei
30-34,3,1,"in-house, startup",Oslo,"frontend, web","620 000,00 kr",nei,Ja
30-34,0,2,konsulent,Oslo,"frontend, web","620 000,00 kr",ja,Ja
30-34,0,3,"in-house, privat sektor",Vestland,"frontend, web","620 000,00 kr",nei,Ja
30-34,0,4,"in-house, privat sektor",Oslo,"backend, web","620 000,00 kr",nei,Nei
30-34,3,5,"in-house, privat sektor",Oslo,automatisering,"620 000,00 kr",nei,Ja
40-44,3,2,"in-house, privat sektor",Agder,"fullstack, web","620 000,00 kr",ja,Nei
25-29,0,3,"in-house, privat sektor",Oslo,programvare,"621 000,00 kr",ja,Nei
35-39,3,3,"in-house, offentlig/kommunal sektor",Oslo,"frontend, web","621 000,00 kr",nei,Nei
25-29,5,5,"in-house, privat sektor",Oslo,app,"622 000,00 kr",ja,Ja
35-39,3,4,"in-house, offentlig/kommunal sektor",Oslo,"frontend, web","623 000,00 kr",nei,Nei
25-29,5,3,konsulent,Oslo,"fullstack, web","624 000,00 kr",ja,Nei
30-34,5,3,konsulent,Trøndelag,data science,"624 000,00 kr",ja,Ja
40-44,3,6,"in-house, privat sektor",Møre og Romsdal,"backend, web","624 000,00 kr",ja,Nei
30-34,0,2,konsulent,Oslo,"backend, web","625 000,00 kr",ja,Ja
30-34,3,5,"in-house, privat sektor",Vestland,"backend, web","625 000,00 kr",ja,Nei
35-39,3,1,"in-house, offentlig/kommunal sektor",Oslo,"frontend, web","625 000,00 kr",nei,Ja
35-39,0,4,"in-house, startup",Oslo,"frontend, web","625 000,00 kr",nei,Nei
35-39,3,14,"in-house, privat sektor",Oslo,"frontend, web","625 000,00 kr",nei,Nei
40-44,3,20,"in-house, offentlig/kommunal sektor",Trøndelag,"frontend, web","625 000,00 kr",nei,Nei
30-34,3,3,"in-house, offentlig/kommunal sektor",Oslo,"fullstack, web","626 100,00 kr",nei,Nei
25-29,3,1,konsulent,Oslo,testing,"630 000,00 kr",nei,Ja
25-29,3,1,konsulent,Rogaland,databaser,"630 000,00 kr",ja,Nei
25-29,3,1,"in-house, privat sektor",Vestland,"fullstack, web","630 000,00 kr",ja,Ja
30-34,0,1,"in-house, offentlig/kommunal sektor",Vestfold og Telemark,"fullstack, web","630 000,00 kr",nei,Nei
30-34,4,2,"in-house, privat sektor",Oslo,"fullstack, web","630 000,00 kr",nei,Ja
30-34,3,2,"in-house, privat sektor",Vestland,"backend, web","630 000,00 kr",nei,Ja
30-34,4,3,"in-house, offentlig/kommunal sektor",Vestland,"fullstack, web","630 000,00 kr",nei,Ja
30-34,3,5,"in-house, privat sektor",Agder,"fullstack, web","630 000,00 kr",nei,Nei
30-34,3,6,"in-house, privat sektor",Nordland,"fullstack, web","630 000,00 kr",nei,Nei
35-39,3,5,"in-house, privat sektor",Nordland,app,"630 000,00 kr",nei,Nei
20-24,0,1,"in-house, privat sektor",Oslo,"backend, web","635 000,00 kr",nei,Ja
20-24,5,3,"in-house, privat sektor",Vestland,app,"635 000,00 kr",ja,Ja
25-29,3,2,konsulent,Oslo,"fullstack, web","635 000,00 kr",nei,Ja
25-29,3,3,konsulent,Oslo,"fullstack, web","635 000,00 kr",nei,Nei
35-39,2,15,"in-house, privat sektor",Trøndelag,UX / design,"635 000,00 kr",nei,Nei
30-34,5,5,konsulent,Oslo,automatisering,"636 000,00 kr",ja,Nei
35-39,3,3,"in-house, offentlig/kommunal sektor",Oslo,"fullstack, web","637 900,00 kr",nei,Nei
30-34,3,5,"in-house, offentlig/kommunal sektor",Innlandet,app,"638 000,00 kr",nei,Nei
50-54,5,30,konsulent,Viken,sikkerhet,"638 394,00 kr",ja,Ja
20-24,0,2,"in-house, privat sektor",Oslo,"frontend, web","638 500,00 kr",ja,Nei
20-24,3,3,"in-house, offentlig/kommunal sektor",Vestland,"fullstack, web","640 000,00 kr",ja,Nei
25-29,3,2,"in-house, privat sektor",Oslo,"frontend, web","640 000,00 kr",ja,Ja
25-29,3,2,konsulent,Vestland,"fullstack, web","640 000,00 kr",ja,Nei
30-34,3,2,"in-house, offentlig/kommunal sektor",Oslo,data science,"640 000,00 kr",nei,Nei
30-34,"0,25",3,"in-house, privat sektor",Oslo,"frontend, web","640 000,00 kr",ja,Ja
30-34,3,4,konsulent,Oslo,"frontend, web","640 000,00 kr",nei,Ja
30-34,3,9,"in-house, privat sektor",Trøndelag,"frontend, web","640 000,00 kr",nei,Ja
25-29,3,2,konsulent,Viken,"fullstack, web","642 000,00 kr",ja,Ja
25-29,3,6,"in-house, privat sektor",Nordland,"fullstack, web","642 000,00 kr",nei,Ja
35-39,1,2,"in-house, privat sektor",Rogaland,programvare,"642 000,00 kr",ja,Nei
35-39,0,4,"in-house, privat sektor",Viken,"fullstack, web","642 000,00 kr",nei,Nei
30-34,0,5,konsulent,utlandet,annet,"643 058,00 kr",nei,Ja
25-29,5,4,"in-house, privat sektor",Trøndelag,embedded/IOT/maskinvare,"644 000,00 kr",ja,Ja
25-29,6,4,"in-house, privat sektor",Trøndelag,embedded/IOT/maskinvare,"644 500,00 kr",ja,Nei
25-29,3,2,"in-house, offentlig/kommunal sektor",Oslo,"fullstack, web","645 000,00 kr",nei,Ja
25-29,3,3,"in-house, privat sektor",Rogaland,programvare,"645 000,00 kr",nei,Ja
25-29,3,6,"in-house, privat sektor",Oslo,"fullstack, web","645 000,00 kr",ja,Ja
25-29,6,3,"in-house, offentlig/kommunal sektor",Oslo,"frontend, web","647 000,00 kr",nei,Ja
25-29,6,3,"in-house, privat sektor",Oslo,"fullstack, web","647 000,00 kr",nei,Nei
45-49,10,17,"in-house, offentlig/kommunal sektor",Agder,sikkerhet,"647 000,00 kr",ja,Nei
20-24,3,1,konsulent,Rogaland,"frontend, web","650 000,00 kr",ja,Ja
20-24,3,2,konsulent,Trøndelag,"fullstack, web","650 000,00 kr",ja,Nei
25-29,5,0,"in-house, startup",Oslo,testing,"650 000,00 kr",ja,Ja
25-29,3,1,konsulent,Oslo,"backend, web","650 000,00 kr",ja,Ja
25-29,3,2,konsulent,Trøndelag,"fullstack, web","650 000,00 kr",nei,Nei
25-29,3,2,"in-house, privat sektor",Vestfold og Telemark,"backend, web","650 000,00 kr",nei,Ja
25-29,5,3,"in-house, privat sektor",Møre og Romsdal,"backend, web","650 000,00 kr",nei,Nei
25-29,5,3,"in-house, privat sektor",Møre og Romsdal,"backend, web","650 000,00 kr",ja,Ja
25-29,3,3,"in-house, privat sektor",Oslo,"fullstack, web","650 000,00 kr",ja,Nei
25-29,3,4,konsulent,Oslo,programvare,"650 000,00 kr",ja,Ja
25-29,4,4,"in-house, privat sektor",Oslo,programvare,"650 000,00 kr",ja,Ja
25-29,3,4,"in-house, privat sektor",Rogaland,programvare,"650 000,00 kr",nei,Ja
25-29,3,4,konsulent,Vestfold og Telemark,"frontend, web","650 000,00 kr",ja,Ja
25-29,0,5,"in-house, startup",Vestland,"frontend, web","650 000,00 kr",ja,Ja
25-29,5,5,"in-house, startup",Vestland,"fullstack, web","650 000,00 kr",ja,Ja
25-29,0,6,"in-house, privat sektor",Oslo,"fullstack, web","650 000,00 kr",ja,Nei
25-29,2,7,konsulent,Oslo,"fullstack, web","650 000,00 kr",ja,Ja
25-29,3,10,konsulent,Møre og Romsdal,automatisering,"650 000,00 kr",nei,Ja
30-34,4,3,konsulent,Innlandet,"fullstack, web","650 000,00 kr",nei,Ja
30-34,3,3,"in-house, privat sektor",Nordland,"fullstack, web","650 000,00 kr",ja,Ja
30-34,5,3,konsulent,Oslo,sikkerhet,"650 000,00 kr",ja,Ja
30-34,3,3,"in-house, privat sektor",Vestfold og Telemark,"fullstack, web","650 000,00 kr",nei,Ja
30-34,3,"4,5","in-house, offentlig/kommunal sektor",Oslo,UX / design,"650 000,00 kr",nei,Nei
30-34,5,5,"in-house, privat sektor",Trøndelag,ledelse/administrativt,"650 000,00 kr",ja,Nei
30-34,6,5,"in-house, privat sektor",Vestland,automatisering,"650 000,00 kr",nei,Nei
30-34,0,5,"in-house, privat sektor",Vestland,"fullstack, web","650 000,00 kr",nei,Nei
30-34,5,8,"in-house, privat sektor",Rogaland,programvare,"650 000,00 kr",ja,Nei
30-34,0,10,"in-house, privat sektor",utlandet,"fullstack, web","650 000,00 kr",ja,Nei
30-34,3,10,"in-house, privat sektor",Vestland,programvare,"650 000,00 kr",ja,Nei
35-39,2,6,"in-house, privat sektor",Troms og Finnmark,arkitektur,"650 000,00 kr",nei,Ja
35-39,3,8,"in-house, privat sektor",utlandet,ledelse/administrativt,"650 000,00 kr",ja,Ja
35-39,3,10,"in-house, privat sektor",Vestfold og Telemark,UX / design,"650 000,00 kr",ja,Nei
35-39,0,11,"in-house, offentlig/kommunal sektor",Oslo,"frontend, web","650 000,00 kr",nei,Ja
35-39,3,12,"in-house, privat sektor",Vestland,"frontend, web","650 000,00 kr",ja,Ja
35-39,3,3,"in-house, offentlig/kommunal sektor",Oslo,"fullstack, web","651 000,00 kr",nei,Ja
30-34,5,5,"in-house, offentlig/kommunal sektor",Vestland,"fullstack, web","652 000,00 kr",nei,Nei
30-34,3,3,konsulent,Oslo,"fullstack, web","653 000,00 kr",nei,Ja
25-29,5,2,konsulent,Trøndelag,"fullstack, web","655 000,00 kr",nei,Nei
25-29,3,2,konsulent,Vestland,"frontend, web","656 000,00 kr",ja,Ja
25-29,3,2,"in-house, privat sektor",Oslo,"fullstack, web","657 638,00 kr",nei,Ja
20-24,3,3,konsulent,Rogaland,"frontend, web","660 000,00 kr",ja,Ja
25-29,5,0,konsulent,Oslo,"fullstack, web","660 000,00 kr",ja,Ja
25-29,5,0,konsulent,Oslo,"fullstack, web","660 000,00 kr",nei,Ja
25-29,5,0,konsulent,Oslo,"fullstack, web","660 000,00 kr",nei,Ja
25-29,5,3,konsulent,Oslo,data science,"660 000,00 kr",nei,Ja
25-29,3,3,"in-house, privat sektor",Oslo,"fullstack, web","660 000,00 kr",ja,Nei
25-29,6,4,"in-house, privat sektor",Trøndelag,"fullstack, web","660 000,00 kr",ja,Ja
30-34,3,1,"in-house, privat sektor",Oslo,app,"660 000,00 kr",ja,Ja
30-34,3,2,konsulent,Oslo,"backend, web","660 000,00 kr",ja,Ja
30-34,5,3,konsulent,Vestland,"fullstack, web","660 000,00 kr",ja,Ja
30-34,2,8,"in-house, offentlig/kommunal sektor",Møre og Romsdal,devops,"660 000,00 kr",nei,Nei
30-34,5,9,konsulent,Vestland,app,"660 000,00 kr",ja,Nei
35-39,3,5,konsulent,Rogaland,"frontend, web","660 000,00 kr",ja,Nei
40-44,5,15,konsulent,Agder,"fullstack, web","660 000,00 kr",ja,Ja
45-49,5,19,"in-house, privat sektor",Vestland,"fullstack, web","660 000,00 kr",ja,Nei
45-49,4,21,"in-house, privat sektor",Oslo,databaser,"660 000,00 kr",nei,Ja
25-29,3,4,"in-house, offentlig/kommunal sektor",Oslo,"backend, web","662 400,00 kr",nei,Nei
35-39,3,2,"in-house, privat sektor",Oslo,"frontend, web","664 000,00 kr",nei,Ja
25-29,5,3,konsulent,Oslo,"frontend, web","665 000,00 kr",ja,Ja
30-34,0,1,konsulent,Rogaland,"frontend, web","665 000,00 kr",ja,Ja
30-34,5,5,"in-house, privat sektor",Trøndelag,embedded/IOT/maskinvare,"665 000,00 kr",ja,Nei
35-39,3,6,konsulent,Oslo,"backend, web","665 000,00 kr",ja,Nei
45-49,3,23,"in-house, offentlig/kommunal sektor",Nordland,arkitektur,"665 000,00 kr",nei,Nei
25-29,5,6,"in-house, privat sektor",Oslo,embedded/IOT/maskinvare,"665 300,00 kr",ja,Nei
30-34,6,5,"in-house, privat sektor",Oslo,embedded/IOT/maskinvare,"665 300,00 kr",ja,Ja
45-49,3,17,"in-house, offentlig/kommunal sektor",Troms og Finnmark,"backend, web","666 000,00 kr",nei,Ja
30-34,3,3,konsulent,Oslo,programvare,"667 392,00 kr",ja,Ja
35-39,5,10,konsulent,Rogaland,"backend, web","668 862,00 kr",ja,Ja
40-44,3,18,"in-house, offentlig/kommunal sektor",Møre og Romsdal,programvare,"669 800,00 kr",nei,Nei
25-29,5,1,konsulent,Oslo,"fullstack, web","670 000,00 kr",nei,Ja
25-29,5,2,konsulent,Oslo,programvare,"670 000,00 kr",ja,Ja
25-29,3,2,"in-house, privat sektor",Vestland,"frontend, web","670 000,00 kr",ja,Ja
25-29,3,3,konsulent,Oslo,"fullstack, web","670 000,00 kr",nei,Ja
25-29,5,3,"in-house, startup",Trøndelag,"fullstack, web","670 000,00 kr",nei,Ja
30-34,3,4,konsulent,Oslo,"frontend, web","670 000,00 kr",ja,Ja
30-34,4,10,"in-house, startup",Vestfold og Telemark,"backend, web","670 000,00 kr",nei,Ja
35-39,4,5,konsulent,Oslo,"frontend, web","670 000,00 kr",nei,Nei
45-49,3,12,"in-house, privat sektor",Trøndelag,"fullstack, web","670 000,00 kr",ja,Nei
45-49,3,22,"in-house, privat sektor",Oslo,app,"670 000,00 kr",nei,Nei
20-24,3,2,"in-house, privat sektor",Trøndelag,"frontend, web","675 000,00 kr",ja,Ja
40-44,3,16,"in-house, offentlig/kommunal sektor",Troms og Finnmark,programvare,"675 000,00 kr",ja,Nei
25-29,5,2,konsulent,Oslo,"fullstack, web","677 000,00 kr",ja,Ja
30-34,4,5,"in-house, offentlig/kommunal sektor",Oslo,"backend, web","677 000,00 kr",nei,Nei
35-39,5,11,"in-house, offentlig/kommunal sektor",Troms og Finnmark,"backend, web","677 000,00 kr",nei,Nei
30-34,3,6,konsulent,Oslo,"frontend, web","678 000,00 kr",ja,Nei
20-24,3,2,konsulent,Oslo,"fullstack, web","680 000,00 kr",ja,Ja
25-29,5,1,konsulent,Oslo,"fullstack, web","680 000,00 kr",nei,Ja
25-29,3,1,"in-house, privat sektor",utlandet,"fullstack, web","680 000,00 kr",ja,Nei
25-29,3,2,"in-house, privat sektor",Oslo,"backend, web","680 000,00 kr",nei,Ja
25-29,5,2,konsulent,Oslo,"fullstack, web","680 000,00 kr",ja,Ja
25-29,3,3,"in-house, privat sektor",Oslo,"frontend, web","680 000,00 kr",ja,Ja
25-29,5,3,konsulent,Oslo,"frontend, web","680 000,00 kr",ja,Ja
25-29,5,3,konsulent,Oslo,"fullstack, web","680 000,00 kr",ja,Ja
25-29,3,3,"in-house, privat sektor",Vestfold og Telemark,"frontend, web","680 000,00 kr",ja,Ja
25-29,5,4,konsulent,Oslo,programvare,"680 000,00 kr",nei,Nei
25-29,3,4,konsulent,Viken,arkitektur,"680 000,00 kr",nei,Ja
25-29,3,6,konsulent,Møre og Romsdal,"fullstack, web","680 000,00 kr",ja,Ja
30-34,1,3,konsulent,Oslo,"fullstack, web","680 000,00 kr",ja,Ja
30-34,3,10,konsulent,Trøndelag,"fullstack, web","680 000,00 kr",ja,Ja
35-39,3,9,"in-house, privat sektor",Trøndelag,embedded/IOT/maskinvare,"680 000,00 kr",ja,Ja
30-34,3,3,"in-house, privat sektor",Oslo,"fullstack, web","684 000,00 kr",nei,Ja
30-34,3,6,"in-house, privat sektor",Oslo,"fullstack, web","684 000,00 kr",nei,Ja
25-29,5,2,konsulent,Oslo,"frontend, web","685 000,00 kr",ja,Ja
25-29,5,3,"in-house, offentlig/kommunal sektor",Oslo,"fullstack, web","685 800,00 kr",nei,Ja
30-34,5,4,konsulent,Oslo,"backend, web","687 000,00 kr",ja,Nei
25-29,5,4,"in-house, offentlig/kommunal sektor",Agder,"backend, web","690 000,00 kr",nei,Ja
25-29,3,5,konsulent,Rogaland,"fullstack, web","690 000,00 kr",nei,Nei
30-34,0,3,"in-house, privat sektor",Oslo,"frontend, web","690 000,00 kr",ja,Ja
30-34,3,4,"in-house, privat sektor",Oslo,programvare,"690 000,00 kr",ja,Ja
30-34,5,5,konsulent,Viken,embedded/IOT/maskinvare,"690 000,00 kr",ja,Ja
30-34,5,6,"in-house, privat sektor",Oslo,programvare,"690 000,00 kr",nei,Nei
30-34,3,8,"in-house, privat sektor",Trøndelag,automatisering,"690 000,00 kr",nei,Ja
30-34,4,11,konsulent,Innlandet,automatisering,"690 000,00 kr",ja,Ja
40-44,5,13,"in-house, offentlig/kommunal sektor",Oslo,data science,"690 000,00 kr",nei,Nei
30-34,5,6,"in-house, privat sektor",Trøndelag,programvare,"695 000,00 kr",ja,Ja
25-29,5,5,"in-house, privat sektor",Oslo,devops,"696 000,00 kr",nei,Nei
30-34,5,2,"in-house, privat sektor",Oslo,embedded/IOT/maskinvare,"696 000,00 kr",ja,Ja
30-34,3,7,"in-house, privat sektor",Vestland,app,"698 000,00 kr",ja,Ja
35-39,3,6,"in-house, privat sektor",Troms og Finnmark,devops,"698 000,00 kr",nei,Nei
20-24,1,2,"in-house, startup",Oslo,automatisering,"700 000,00 kr",nei,Ja
20-24,3,3,"in-house, privat sektor",Troms og Finnmark,app,"700 000,00 kr",ja,Nei
25-29,5,1,"in-house, privat sektor",Trøndelag,data science,"700 000,00 kr",ja,Ja
25-29,5,3,"in-house, startup",Oslo,databaser,"700 000,00 kr",ja,Ja
25-29,3,3,"in-house, privat sektor",Oslo,"fullstack, web","700 000,00 kr",nei,Ja
25-29,5,3,"in-house, privat sektor",Oslo,programvare,"700 000,00 kr",nei,Ja
25-29,5,3,konsulent,Rogaland,UX / design,"700 000,00 kr",ja,Ja
25-29,3,4,konsulent,Oslo,"frontend, web","700 000,00 kr",ja,Ja
25-29,3,5,"in-house, startup",Vestland,"fullstack, web","700 000,00 kr",ja,Ja
25-29,3,6,konsulent,Oslo,arkitektur,"700 000,00 kr",ja,Nei
25-29,2,6,konsulent,Oslo,devops,"700 000,00 kr",ja,Ja
25-29,4,6,"in-house, privat sektor",Rogaland,"frontend, web","700 000,00 kr",nei,Nei
25-29,8,10,konsulent,Oslo,automatisering,"700 000,00 kr",ja,Ja
25-29,3,10,konsulent,Oslo,"fullstack, web","700 000,00 kr",ja,Nei
30-34,0,2,"in-house, privat sektor",Nordland,"backend, web","700 000,00 kr",nei,Ja
30-34,3,2,konsulent,Oslo,app,"700 000,00 kr",ja,Ja
30-34,2,3,"in-house, privat sektor",Oslo,"backend, web","700 000,00 kr",nei,Ja
30-34,3,3,"in-house, privat sektor",Oslo,"backend, web","700 000,00 kr",ja,Ja
30-34,3,3,"in-house, privat sektor",Oslo,embedded/IOT/maskinvare,"700 000,00 kr",ja,Ja
30-34,3,3,"in-house, offentlig/kommunal sektor",Oslo,"frontend, web","700 000,00 kr",nei,Ja
30-34,5,4,konsulent,Oslo,"frontend, web","700 000,00 kr",ja,Ja
30-34,4,4,"in-house, offentlig/kommunal sektor",Oslo,"fullstack, web","700 000,00 kr",nei,Nei
30-34,5,5,konsulent,Oslo,"backend, web","700 000,00 kr",ja,Ja
30-34,5,5,konsulent,Oslo,"backend, web","700 000,00 kr",ja,Nei
30-34,5,5,konsulent,Trøndelag,arkitektur,"700 000,00 kr",ja,Ja
30-34,0,6,"in-house, privat sektor",Oslo,"backend, web","700 000,00 kr",nei,Ja
30-34,5,6,"in-house, startup",Trøndelag,ledelse/administrativt,"700 000,00 kr",nei,Ja
30-34,5,9,konsulent,Oslo,data science,"700 000,00 kr",ja,Ja
30-34,2,13,"in-house, offentlig/kommunal sektor",Trøndelag,arkitektur,"700 000,00 kr",nei,Ja
35-39,5,2,"in-house, offentlig/kommunal sektor",Oslo,"backend, web","700 000,00 kr",nei,Nei
35-39,3,2,konsulent,Vestland,"fullstack, web","700 000,00 kr",nei,Ja
35-39,0,3,"in-house, privat sektor",Oslo,"backend, web","700 000,00 kr",nei,Ja
35-39,2,6,"in-house, privat sektor",Vestland,"fullstack, web","700 000,00 kr",ja,Nei
35-39,3,9,"in-house, privat sektor",Nordland,"frontend, web","700 000,00 kr",ja,Ja
35-39,5,10,konsulent,Innlandet,"frontend, web","700 000,00 kr",nei,Ja
35-39,3,10,"in-house, privat sektor",Vestfold og Telemark,"frontend, web","700 000,00 kr",nei,Ja
35-39,3,15,"in-house, privat sektor",Oslo,"fullstack, web","700 000,00 kr",nei,Ja
40-44,0,3,"in-house, offentlig/kommunal sektor",Innlandet,databaser,"700 000,00 kr",nei,Ja
40-44,3,21,"in-house, privat sektor",Agder,programvare,"700 000,00 kr",ja,Ja
30-34,3,7,"in-house, privat sektor",Oslo,"backend, web","701 000,00 kr",ja,Nei
40-44,0,15,"in-house, offentlig/kommunal sektor",Viken,ledelse/administrativt,"702 000,00 kr",nei,Ja
30-34,4,12,"in-house, offentlig/kommunal sektor",Oslo,arkitektur,"702 100,00 kr",nei,Ja
40-44,1,21,konsulent,Møre og Romsdal,arkitektur,"703 000,00 kr",nei,Nei
45-49,8,25,"in-house, offentlig/kommunal sektor",Viken,embedded/IOT/maskinvare,"703 000,00 kr",nei,Ja
25-29,5,3,konsulent,Oslo,"fullstack, web","704 000,00 kr",nei,Ja
25-29,5,4,"in-house, privat sektor",Oslo,embedded/IOT/maskinvare,"705 000,00 kr",ja,Nei
25-29,0,5,"in-house, privat sektor",Oslo,"frontend, web","705 000,00 kr",nei,Nei
35-39,4,8,"in-house, privat sektor",Oslo,"frontend, web","707 000,00 kr",ja,Nei
30-34,3,3,"in-house, privat sektor",Rogaland,"frontend, web","709 000,00 kr",nei,Ja
20-24,3,2,konsulent,Oslo,"fullstack, web","710 000,00 kr",nei,Ja
25-29,5,2,konsulent,Trøndelag,data science,"710 000,00 kr",ja,Ja
25-29,5,2,konsulent,Trøndelag,devops,"710 000,00 kr",ja,Ja
25-29,5,3,"in-house, privat sektor",Oslo,embedded/IOT/maskinvare,"710 000,00 kr",nei,Ja
25-29,5,4,konsulent,Oslo,"fullstack, web","710 000,00 kr",ja,Ja
25-29,3,5,konsulent,Vestfold og Telemark,"frontend, web","710 000,00 kr",ja,Ja
30-34,3,3,konsulent,Oslo,"fullstack, web","710 000,00 kr",nei,Ja
30-34,0,3,"in-house, privat sektor",Viken,app,"710 000,00 kr",ja,Ja
30-34,5,4,"in-house, privat sektor",Oslo,"fullstack, web","710 000,00 kr",nei,Nei
30-34,9,5,"in-house, privat sektor",Trøndelag,"frontend, web","710 000,00 kr",ja,Nei
30-34,0,6,konsulent,Trøndelag,"backend, web","710 000,00 kr",ja,Ja
30-34,1,4,"in-house, startup",Oslo,"fullstack, web","712 000,00 kr",nei,Ja
35-39,4,12,konsulent,Oslo,"backend, web","714 000,00 kr",nei,Nei
25-29,0,3,"in-house, privat sektor",Trøndelag,"fullstack, web","715 000,00 kr",ja,Nei
30-34,7,4,"in-house, startup",Oslo,data science,"715 000,00 kr",ja,Ja
40-44,3,20,"in-house, privat sektor",Viken,"backend, web","715 000,00 kr",nei,Ja
35-39,8,10,"in-house, privat sektor",Trøndelag,embedded/IOT/maskinvare,"715 400,00 kr",ja,Nei
20-24,3,1,"in-house, privat sektor",Oslo,"fullstack, web","720 000,00 kr",nei,Ja
25-29,5,2,konsulent,Oslo,"backend, web","720 000,00 kr",ja,Ja
25-29,3,3,konsulent,Agder,"fullstack, web","720 000,00 kr",ja,Ja
25-29,5,3,"in-house, privat sektor",Oslo,arkitektur,"720 000,00 kr",ja,Nei
25-29,5,3,konsulent,Oslo,"backend, web","720 000,00 kr",ja,Ja
25-29,5,4,"in-house, privat sektor",Trøndelag,automatisering,"720 000,00 kr",nei,Ja
25-29,3,5,"in-house, privat sektor",Oslo,devops,"720 000,00 kr",ja,Nei
25-29,5,5,"in-house, privat sektor",Rogaland,embedded/IOT/maskinvare,"720 000,00 kr",ja,Ja
25-29,6,6,konsulent,Oslo,data science,"720 000,00 kr",nei,Ja
30-34,0,2,"in-house, privat sektor",Oslo,"fullstack, web","720 000,00 kr",nei,Ja
30-34,5,5,"in-house, privat sektor",Oslo,"fullstack, web","720 000,00 kr",nei,Ja
30-34,3,5,"in-house, privat sektor",Oslo,programvare,"720 000,00 kr",ja,Ja
30-34,5,6,"in-house, startup",Oslo,"fullstack, web","720 000,00 kr",nei,Nei
30-34,3,7,"in-house, offentlig/kommunal sektor",Nordland,"fullstack, web","720 000,00 kr",nei,Nei
30-34,3,8,konsulent,Oslo,"fullstack, web","720 000,00 kr",nei,Ja
35-39,3,4,konsulent,Vestland,testing,"720 000,00 kr",ja,Ja
35-39,5,5,"in-house, privat sektor",Oslo,embedded/IOT/maskinvare,"720 000,00 kr",ja,Ja
35-39,5,8,"in-house, offentlig/kommunal sektor",Oslo,"fullstack, web","720 000,00 kr",ja,Nei
35-39,0,13,konsulent,Rogaland,"fullstack, web","720 000,00 kr",nei,Ja
35-39,5,14,"in-house, offentlig/kommunal sektor",Agder,annet,"720 000,00 kr",nei,Ja
40-44,1,2,"in-house, offentlig/kommunal sektor",Nordland,"frontend, web","720 000,00 kr",nei,Ja
40-44,5,8,konsulent,Oslo,UX / design,"720 000,00 kr",ja,Ja
40-44,5,15,frilans / selvstendig næringsdrivende,Oslo,"fullstack, web","720 000,00 kr",ja,Ja
40-44,4,22,"in-house, privat sektor",Viken,programvare,"720 000,00 kr",nei,Ja
40-44,0,25,"in-house, privat sektor",Vestfold og Telemark,"backend, web","720 000,00 kr",nei,Ja
25-29,3,2,konsulent,Agder,"fullstack, web","725 000,00 kr",nei,Ja
25-29,4,2,"in-house, offentlig/kommunal sektor",Oslo,app,"725 000,00 kr",ja,Ja
25-29,3,2,"in-house, privat sektor",Oslo,"backend, web","725 000,00 kr",nei,Ja
25-29,5,2,"in-house, privat sektor",Oslo,"backend, web","725 000,00 kr",ja,Ja
25-29,3,3,konsulent,Oslo,"backend, web","725 000,00 kr",nei,Nei
40-44,2,17,"in-house, privat sektor",Troms og Finnmark,programvare,"725 000,00 kr",ja,Nei
40-44,2,20,konsulent,Vestfold og Telemark,"frontend, web","725 000,00 kr",nei,Ja
30-34,3,12,"in-house, privat sektor",Oslo,"frontend, web","728 000,00 kr",nei,Nei
25-29,3,5,"in-house, privat sektor",Oslo,"fullstack, web","730 000,00 kr",nei,Ja
30-34,3,4,konsulent,Oslo,"fullstack, web","730 000,00 kr",ja,Ja
30-34,3,7,konsulent,Viken,"fullstack, web","730 000,00 kr",ja,Nei
30-34,3,11,"in-house, privat sektor",Rogaland,"fullstack, web","730 000,00 kr",nei,Ja
35-39,3,5,"in-house, offentlig/kommunal sektor",Viken,"backend, web","730 000,00 kr",nei,Nei
35-39,3,10,"in-house, privat sektor",Viken,"frontend, web","730 000,00 kr",ja,Ja
25-29,5,6,"in-house, privat sektor",Trøndelag,testing,"731 600,00 kr",ja,Nei
30-34,4,10,"in-house, privat sektor",Rogaland,programvare,"732 000,00 kr",nei,Nei
30-34,3,8,"in-house, privat sektor",Trøndelag,"backend, web","733 000,00 kr",nei,Ja
30-34,5,3,konsulent,Trøndelag,programvare,"735 000,00 kr",nei,Ja
25-29,3,6,"in-house, privat sektor",Oslo,annet,"736 000,00 kr",nei,Ja
30-34,3,6,"in-house, privat sektor",Vestland,"frontend, web","736 000,00 kr",ja,Nei
20-24,3,3,"in-house, privat sektor",Vestland,"fullstack, web","740 000,00 kr",nei,Nei
25-29,5,3,konsulent,Oslo,annet,"740 000,00 kr",ja,Ja
25-29,3,3,"in-house, privat sektor",Oslo,devops,"740 000,00 kr",ja,Ja
25-29,3,3,konsulent,Oslo,sikkerhet,"740 000,00 kr",ja,Ja
30-34,5,2,"in-house, offentlig/kommunal sektor",Oslo,devops,"740 000,00 kr",ja,Ja
30-34,9,6,konsulent,Oslo,"frontend, web","740 000,00 kr",nei,Ja
30-34,0,12,konsulent,Rogaland,sikkerhet,"740 000,00 kr",ja,Nei
30-34,3,12,"in-house, offentlig/kommunal sektor",Vestfold og Telemark,sikkerhet,"740 000,00 kr",nei,Ja
35-39,3,10,konsulent,Trøndelag,"fullstack, web","740 000,00 kr",nei,Nei
40-44,8,12,"in-house, privat sektor",Møre og Romsdal,"fullstack, web","740 000,00 kr",ja,Nei
40-44,3,17,"in-house, privat sektor",Vestfold og Telemark,programvare,"740 000,00 kr",nei,Nei
45-49,3,21,"in-house, privat sektor",Vestfold og Telemark,"backend, web","740 000,00 kr",nei,Ja
30-34,5,7,konsulent,Rogaland,data science,"740 025,00 kr",nei,Nei
25-29,5,3,konsulent,Oslo,"backend, web","741 000,00 kr",nei,Nei
20-24,0,3,"in-house, privat sektor",Møre og Romsdal,ledelse/administrativt,"742 000,00 kr",nei,Ja
25-29,3,5,"in-house, privat sektor",Oslo,app,"742 000,00 kr",ja,Ja
25-29,3,7,"in-house, privat sektor",Møre og Romsdal,"fullstack, web","744 000,00 kr",nei,Ja
40-44,2,7,"in-house, privat sektor",Oslo,"backend, web","745 000,00 kr",nei,Ja
20-24,2,3,konsulent,Vestland,"fullstack, web","750 000,00 kr",nei,Ja
20-24,2,4,"in-house, startup",Oslo,app,"750 000,00 kr",ja,Ja
25-29,5,3,konsulent,Oslo,devops,"750 000,00 kr",ja,Ja
25-29,5,4,frilans / selvstendig næringsdrivende,Oslo,devops,"750 000,00 kr",ja,Ja
25-29,3,4,"in-house, privat sektor",Oslo,"frontend, web","750 000,00 kr",ja,Ja
25-29,3,4,"in-house, privat sektor",Oslo,"frontend, web","750 000,00 kr",ja,Nei
25-29,"3,5",4,konsulent,Oslo,"frontend, web","750 000,00 kr",nei,Ja
25-29,3,4,"in-house, privat sektor",Oslo,"fullstack, web","750 000,00 kr",nei,Ja
30-34,5,5,"in-house, privat sektor",Oslo,"backend, web","750 000,00 kr",ja,Ja
30-34,5,5,"in-house, privat sektor",Oslo,"fullstack, web","750 000,00 kr",nei,Nei
30-34,5,5,"in-house, privat sektor",Trøndelag,"fullstack, web","750 000,00 kr",nei,Ja
30-34,3,6,"in-house, privat sektor",Oslo,"frontend, web","750 000,00 kr",nei,Nei
30-34,4,7,"in-house, privat sektor",Trøndelag,devops,"750 000,00 kr",ja,Nei
30-34,5,7,konsulent,Vestland,"fullstack, web","750 000,00 kr",nei,Nei
30-34,9,8,"in-house, privat sektor",Trøndelag,embedded/IOT/maskinvare,"750 000,00 kr",ja,Nei
30-34,4,9,konsulent,Trøndelag,databaser,"750 000,00 kr",ja,Ja
30-34,3,10,"in-house, privat sektor",Oslo,"fullstack, web","750 000,00 kr",nei,Nei
30-34,6,11,"in-house, startup",Trøndelag,data science,"750 000,00 kr",nei,Ja
30-34,0,17,"in-house, privat sektor",Vestland,"fullstack, web","750 000,00 kr",ja,Ja
35-39,5,4,konsulent,Trøndelag,"frontend, web","750 000,00 kr",nei,Ja
35-39,5,5,"in-house, offentlig/kommunal sektor",Oslo,"frontend, web","750 000,00 kr",nei,Ja
35-39,4,8,konsulent,Innlandet,"frontend, web","750 000,00 kr",ja,Ja
35-39,3,8,"in-house, startup",Oslo,"fullstack, web","750 000,00 kr",nei,Ja
35-39,3,8,"in-house, privat sektor",Oslo,"fullstack, web","750 000,00 kr",nei,Ja
35-39,5,10,"in-house, privat sektor",Trøndelag,embedded/IOT/maskinvare,"750 000,00 kr",ja,Ja
35-39,1,12,"in-house, privat sektor",Agder,"fullstack, web","750 000,00 kr",nei,Ja
35-39,0,12,"in-house, privat sektor",Oslo,"frontend, web","750 000,00 kr",nei,Nei
35-39,4,13,"in-house, startup",Oslo,"fullstack, web","750 000,00 kr",nei,Ja
35-39,3,15,"in-house, privat sektor",Troms og Finnmark,ledelse/administrativt,"750 000,00 kr",nei,Ja
35-39,3,18,"in-house, startup",Rogaland,"fullstack, web","750 000,00 kr",ja,Nei
40-44,3,17,"in-house, offentlig/kommunal sektor",Innlandet,"backend, web","750 000,00 kr",nei,Nei
40-44,2,18,"in-house, startup",Vestfold og Telemark,"frontend, web","750 000,00 kr",ja,Nei
40-44,4,20,"in-house, privat sektor",Oslo,"fullstack, web","750 000,00 kr",nei,Nei
45-49,0,7,"in-house, privat sektor",Vestland,automatisering,"750 000,00 kr",nei,Ja
45-49,6,16,frilans / selvstendig næringsdrivende,Vestfold og Telemark,embedded/IOT/maskinvare,"750 000,00 kr",ja,Ja
55-59,4,30,"in-house, privat sektor",Agder,"fullstack, web","750 000,00 kr",ja,Ja
30-34,5,9,"in-house, privat sektor",Innlandet,devops,"752 000,00 kr",ja,Nei
40-44,7,15,"in-house, offentlig/kommunal sektor",Trøndelag,ledelse/administrativt,"752 000,00 kr",ja,Ja
30-34,5,4,konsulent,Oslo,testing,"753 000,00 kr",ja,Ja
35-39,4,10,"in-house, privat sektor",Oslo,"backend, web","757 746,00 kr",ja,Nei
25-29,3,6,"in-house, privat sektor",Oslo,"backend, web","760 000,00 kr",ja,Ja
30-34,0,4,"in-house, privat sektor",Vestland,"fullstack, web","760 000,00 kr",ja,Nei
30-34,3,5,"in-house, offentlig/kommunal sektor",Oslo,"fullstack, web","760 000,00 kr",nei,Ja
30-34,3,9,"in-house, privat sektor",Oslo,"frontend, web","760 000,00 kr",ja,Ja
30-34,5,7,"in-house, privat sektor",Vestfold og Telemark,arkitektur,"762 200,00 kr",nei,Ja
40-44,3,22,"in-house, offentlig/kommunal sektor",Oslo,embedded/IOT/maskinvare,"767 100,00 kr",nei,Nei
30-34,3,5,"in-house, privat sektor",Oslo,"frontend, web","770 000,00 kr",ja,Ja
30-34,3,5,"in-house, offentlig/kommunal sektor",Rogaland,devops,"770 000,00 kr",nei,Ja
30-34,3,7,"in-house, offentlig/kommunal sektor",Agder,"backend, web","770 000,00 kr",nei,Ja
30-34,3,10,"in-house, privat sektor",Oslo,app,"770 000,00 kr",nei,Ja
30-34,3,10,"in-house, privat sektor",Oslo,"backend, web","770 000,00 kr",nei,Nei
30-34,3,10,"in-house, privat sektor",Trøndelag,"fullstack, web","770 000,00 kr",nei,Ja
40-44,3,5,konsulent,Vestfold og Telemark,"fullstack, web","770 000,00 kr",ja,Ja
45-49,4,22,"in-house, privat sektor",Trøndelag,"fullstack, web","770 000,00 kr",nei,Nei
30-34,3,9,"in-house, privat sektor",Oslo,databaser,"772 500,00 kr",nei,Ja
30-34,5,5,konsulent,Oslo,"backend, web","774 000,00 kr",ja,Nei
30-34,3,4,konsulent,Oslo,"backend, web","775 000,00 kr",ja,Ja
30-34,5,7,"in-house, startup",Rogaland,arkitektur,"775 000,00 kr",ja,Nei
30-34,5,10,"in-house, offentlig/kommunal sektor",Oslo,"fullstack, web","775 000,00 kr",nei,Ja
30-34,3,16,"in-house, privat sektor",Agder,ledelse/administrativt,"775 000,00 kr",ja,Ja
35-39,5,14,konsulent,Rogaland,"frontend, web","775 000,00 kr",ja,Ja
25-29,3,6,konsulent,Oslo,"frontend, web","776 500,00 kr",ja,Ja
25-29,5,3,konsulent,Oslo,UX / design,"780 000,00 kr",ja,Ja
30-34,5,4,konsulent,Oslo,sikkerhet,"780 000,00 kr",ja,Ja
30-34,5,6,konsulent,Oslo,"frontend, web","780 000,00 kr",ja,Ja
30-34,5,6,konsulent,Viken,"backend, web","780 000,00 kr",ja,Ja
30-34,6,7,"in-house, privat sektor",Vestfold og Telemark,"backend, web","780 000,00 kr",nei,Ja
30-34,3,8,konsulent,Oslo,"fullstack, web","780 000,00 kr",ja,Ja
30-34,5,9,frilans / selvstendig næringsdrivende,Viken,"fullstack, web","780 000,00 kr",ja,Ja
35-39,3,13,konsulent,Oslo,databaser,"780 000,00 kr",ja,Ja
40-44,2,10,"in-house, privat sektor",Oslo,"frontend, web","780 000,00 kr",nei,Nei
40-44,5,15,"in-house, privat sektor",Oslo,"backend, web","780 000,00 kr",ja,Nei
40-44,5,17,"in-house, privat sektor",Møre og Romsdal,app,"780 000,00 kr",ja,Nei
50-54,4,21,"in-house, offentlig/kommunal sektor",Vestfold og Telemark,"backend, web","780 000,00 kr",ja,Ja
35-39,5,10,frilans / selvstendig næringsdrivende,Oslo,"frontend, web","781 000,00 kr",ja,Ja
55-59,4,36,"in-house, privat sektor",Trøndelag,programvare,"783 000,00 kr",ja,Ja
30-34,3,12,"in-house, privat sektor",Oslo,"frontend, web","785 000,00 kr",ja,Ja
35-39,5,12,"in-house, privat sektor",Vestfold og Telemark,"backend, web","785 000,00 kr",ja,Ja
40-44,5,18,"in-house, offentlig/kommunal sektor",Oslo,"fullstack, web","788 000,00 kr",ja,Nei
35-39,3,10,"in-house, offentlig/kommunal sektor",Oslo,"frontend, web","790 000,00 kr",ja,Nei
35-39,3,10,frilans / selvstendig næringsdrivende,Oslo,"frontend, web","790 000,00 kr",ja,Ja
40-44,6,15,konsulent,Viken,"frontend, web","790 000,00 kr",ja,Nei
40-44,3,18,frilans / selvstendig næringsdrivende,Viken,"backend, web","790 000,00 kr",ja,Ja
30-34,2,8,"in-house, privat sektor",Oslo,UX / design,"798 000,00 kr",ja,Ja
25-29,5,2,konsulent,Oslo,"backend, web","800 000,00 kr",ja,Ja
25-29,5,2,"in-house, privat sektor",Oslo,"fullstack, web","800 000,00 kr",nei,Ja
25-29,5,2,"in-house, privat sektor",Oslo,"fullstack, web","800 000,00 kr",nei,Ja
25-29,5,3,konsulent,Vestland,"backend, web","800 000,00 kr",nei,Ja
25-29,5,4,konsulent,Oslo,devops,"800 000,00 kr",nei,Nei
25-29,3,4,"in-house, privat sektor",Oslo,"frontend, web","800 000,00 kr",ja,Ja
25-29,5,4,konsulent,Rogaland,"fullstack, web","800 000,00 kr",nei,Ja
25-29,3,5,"in-house, privat sektor",Vestland,programvare,"800 000,00 kr",nei,Nei
25-29,3,"5,5",konsulent,Oslo,"fullstack, web","800 000,00 kr",ja,Ja
25-29,4,6,"in-house, privat sektor",Oslo,"frontend, web","800 000,00 kr",ja,Ja
25-29,4,6,konsulent,Oslo,"fullstack, web","800 000,00 kr",ja,Ja
25-29,3,7,"in-house, startup",Viken,"frontend, web","800 000,00 kr",nei,Ja
30-34,0,3,"in-house, privat sektor",Oslo,"backend, web","800 000,00 kr",nei,Ja
30-34,3,4,"in-house, privat sektor",Oslo,"backend, web","800 000,00 kr",ja,Ja
30-34,5,4,"in-house, offentlig/kommunal sektor",Oslo,data science,"800 000,00 kr",nei,Ja
30-34,3,5,konsulent,Oslo,"frontend, web","800 000,00 kr",ja,Ja
30-34,3,5,konsulent,Oslo,"frontend, web","800 000,00 kr",nei,Nei
30-34,5,6,frilans / selvstendig næringsdrivende,Oslo,"backend, web","800 000,00 kr",ja,Ja
30-34,3,6,"in-house, privat sektor",Oslo,"fullstack, web","800 000,00 kr",ja,Ja
30-34,5,7,"in-house, privat sektor",Oslo,"fullstack, web","800 000,00 kr",ja,Ja
30-34,3,7,konsulent,Vestland,"fullstack, web","800 000,00 kr",ja,Ja
30-34,3,8,"in-house, privat sektor",Oslo,"frontend, web","800 000,00 kr",ja,Nei
30-34,3,10,"in-house, privat sektor",Agder,"backend, web","800 000,00 kr",nei,Ja
30-34,3,10,konsulent,Oslo,"fullstack, web","800 000,00 kr",ja,Nei
30-34,3,10,konsulent,Oslo,testing,"800 000,00 kr",ja,Ja
35-39,2,2,"in-house, privat sektor",Oslo,"fullstack, web","800 000,00 kr",nei,Ja
35-39,3,10,"in-house, privat sektor",Trøndelag,"fullstack, web","800 000,00 kr",nei,Ja
35-39,5,13,"in-house, privat sektor",Vestfold og Telemark,programvare,"800 000,00 kr",ja,Ja
35-39,3,14,konsulent,Oslo,"backend, web","800 000,00 kr",ja,Ja
35-39,0,15,"in-house, offentlig/kommunal sektor",Vestfold og Telemark,"backend, web","800 000,00 kr",nei,Ja
35-39,2,15,konsulent,Viken,"backend, web","800 000,00 kr",ja,Ja
40-44,3,10,"in-house, privat sektor",Trøndelag,testing,"800 000,00 kr",ja,Ja
40-44,3,15,konsulent,Oslo,"frontend, web","800 000,00 kr",ja,Ja
40-44,3,16,"in-house, privat sektor",Vestfold og Telemark,ledelse/administrativt,"800 000,00 kr",ja,Ja
40-44,2,22,"in-house, privat sektor",Viken,programvare,"800 000,00 kr",ja,Ja
45-49,5,16,konsulent,Oslo,app,"800 000,00 kr",ja,Nei
45-49,4,24,"in-house, privat sektor",Troms og Finnmark,devops,"800 000,00 kr",ja,Nei
45-49,3,25,konsulent,Innlandet,"fullstack, web","800 000,00 kr",ja,Ja
35-39,5,10,"in-house, privat sektor",Trøndelag,app,"801 900,00 kr",ja,Nei
30-34,5,7,konsulent,Vestland,"fullstack, web","804 000,00 kr",ja,Ja
25-29,5,5,"in-house, privat sektor",Rogaland,data science,"805 000,00 kr",nei,Ja
30-34,5,4,konsulent,Oslo,"fullstack, web","805 000,00 kr",nei,Ja
30-34,5,8,konsulent,Agder,"fullstack, web","805 000,00 kr",ja,Nei
35-39,0,15,"in-house, privat sektor",Oslo,testing,"805 000,00 kr",nei,Nei
35-39,5,3,konsulent,Møre og Romsdal,data science,"807 000,00 kr",ja,Ja
35-39,3,14,"in-house, privat sektor",Vestland,"fullstack, web","808 000,00 kr",ja,Ja
45-49,3,24,"in-house, privat sektor",Vestfold og Telemark,"fullstack, web","809 000,00 kr",ja,Ja
25-29,3,4,konsulent,Trøndelag,"fullstack, web","810 000,00 kr",nei,Ja
30-34,3,5,"in-house, privat sektor",Vestfold og Telemark,"fullstack, web","810 000,00 kr",nei,Ja
30-34,3,6,"in-house, privat sektor",Oslo,data science,"810 000,00 kr",ja,Nei
30-34,5,6,"in-house, privat sektor",Trøndelag,"backend, web","810 000,00 kr",nei,Ja
30-34,5,9,"in-house, privat sektor",Troms og Finnmark,"fullstack, web","810 000,00 kr",ja,Ja
35-39,3,16,"in-house, privat sektor",Viken,"frontend, web","810 000,00 kr",nei,Nei
40-44,5,10,"in-house, privat sektor",Møre og Romsdal,"backend, web","810 000,00 kr",ja,Nei
45-49,5,22,"in-house, privat sektor",Vestland,"fullstack, web","812 000,00 kr",ja,Ja
30-34,5,5,konsulent,Oslo,programvare,"813 000,00 kr",ja,Ja
25-29,2,5,"in-house, privat sektor",Viken,data science,"815 000,00 kr",nei,Ja
30-34,5,8,konsulent,Vestfold og Telemark,"frontend, web","815 000,00 kr",ja,Ja
30-34,3,9,konsulent,Oslo,"backend, web","815 000,00 kr",ja,Ja
35-39,6,17,"in-house, privat sektor",Innlandet,"fullstack, web","817 000,00 kr",nei,Ja
30-34,5,5,konsulent,Oslo,"fullstack, web","818 000,00 kr",ja,Ja
25-29,3,3,"in-house, startup",Oslo,devops,"820 000,00 kr",nei,Ja
25-29,3,3,konsulent,Oslo,"fullstack, web","820 000,00 kr",ja,Ja
30-34,3,5,konsulent,Innlandet,"frontend, web","820 000,00 kr",ja,Ja
30-34,3,8,"in-house, privat sektor",Oslo,app,"820 000,00 kr",ja,Ja
30-34,3,8,"in-house, privat sektor",Oslo,"frontend, web","820 000,00 kr",ja,Ja
35-39,3,9,"in-house, privat sektor",Oslo,"backend, web","820 000,00 kr",nei,Ja
35-39,0,10,"in-house, privat sektor",Oslo,"fullstack, web","820 000,00 kr",nei,Ja
35-39,2,10,konsulent,Oslo,testing,"820 000,00 kr",ja,Ja
35-39,5,10,"in-house, privat sektor",Trøndelag,app,"820 000,00 kr",nei,Ja
40-44,5,15,"in-house, privat sektor",Trøndelag,UX / design,"820 000,00 kr",ja,Ja
45-49,0,10,konsulent,Trøndelag,programvare,"820 000,00 kr",ja,Ja
45-49,4,26,"in-house, offentlig/kommunal sektor",Innlandet,annet,"820 000,00 kr",nei,Ja
25-29,5,5,"in-house, privat sektor",Oslo,databaser,"824 000,00 kr",nei,Ja
30-34,9,4,"in-house, privat sektor",Nordland,"fullstack, web","825 000,00 kr",nei,Ja
30-34,5,7,"in-house, offentlig/kommunal sektor",Oslo,"fullstack, web","825 000,00 kr",nei,Ja
40-44,3,14,konsulent,Vestland,embedded/IOT/maskinvare,"825 000,00 kr",ja,Ja
40-44,3,17,konsulent,Vestland,arkitektur,"825 000,00 kr",ja,Ja
25-29,3,4,konsulent,Rogaland,"fullstack, web","830 000,00 kr",ja,Ja
25-29,3,5,"in-house, privat sektor",Vestfold og Telemark,"backend, web","830 000,00 kr",nei,Ja
30-34,5,7,"in-house, privat sektor",Agder,data science,"830 000,00 kr",nei,Ja
30-34,5,7,"in-house, offentlig/kommunal sektor",Oslo,"frontend, web","830 000,00 kr",nei,Nei
35-39,3,8,konsulent,Oslo,arkitektur,"830 000,00 kr",ja,Nei
35-39,0,16,"in-house, privat sektor",Vestfold og Telemark,"fullstack, web","830 000,00 kr",nei,Ja
40-44,6,18,"in-house, startup",Vestland,"frontend, web","830 000,00 kr",ja,Ja
50-54,3,26,konsulent,Rogaland,"fullstack, web","830 000,00 kr",nei,Ja
35-39,4,12,"in-house, privat sektor",Viken,"fullstack, web","831 644,00 kr",ja,Nei
25-29,3,2,konsulent,Oslo,app,"832 000,00 kr",nei,Ja
25-29,3,3,"in-house, privat sektor",Oslo,"backend, web","835 000,00 kr",ja,Ja
35-39,3,11,"in-house, offentlig/kommunal sektor",Oslo,"fullstack, web","835 000,00 kr",nei,Ja
35-39,3,15,"in-house, privat sektor",Oslo,"fullstack, web","835 000,00 kr",ja,Ja
40-44,5,15,konsulent,Oslo,"backend, web","835 000,00 kr",ja,Nei
35-39,3,8,"in-house, privat sektor",Oslo,data science,"836 000,00 kr",ja,Ja
30-34,3,10,"in-house, privat sektor",Trøndelag,UX / design,"837 500,00 kr",ja,Ja
30-34,6,11,"in-house, privat sektor",Trøndelag,embedded/IOT/maskinvare,"839 000,00 kr",ja,Nei
25-29,3,2,konsulent,Trøndelag,arkitektur,"840 000,00 kr",ja,Ja
25-29,3,3,konsulent,Oslo,"fullstack, web","840 000,00 kr",ja,Ja
25-29,5,5,konsulent,Oslo,"fullstack, web","840 000,00 kr",ja,Ja
30-34,4,4,konsulent,Rogaland,programvare,"840 000,00 kr",nei,Ja
30-34,4,6,konsulent,Vestland,"backend, web","840 000,00 kr",ja,Ja
30-34,5,8,"in-house, privat sektor",Oslo,"backend, web","840 000,00 kr",nei,Ja
30-34,3,10,"in-house, privat sektor",Vestfold og Telemark,"fullstack, web","840 000,00 kr",nei,Nei
35-39,3,10,"in-house, privat sektor",Vestfold og Telemark,"backend, web","840 000,00 kr",nei,Ja
40-44,2,18,"in-house, privat sektor",Vestland,"backend, web","840 000,00 kr",ja,Nei
50-54,3,24,konsulent,Viken,"fullstack, web","840 480,00 kr",ja,Ja
30-34,5,10,"in-house, privat sektor",Rogaland,"fullstack, web","841 000,00 kr",nei,Nei
35-39,"1,5",16,"in-house, privat sektor",Trøndelag,programvare,"841 500,00 kr",nei,Ja
35-39,4,15,"in-house, privat sektor",Oslo,app,"845 000,00 kr",nei,Ja
25-29,3,"4,5",konsulent,Oslo,"fullstack, web","846 000,00 kr",nei,Ja
30-34,5,7,konsulent,Oslo,"backend, web","848 000,00 kr",nei,Ja
35-39,4,18,"in-house, privat sektor",Oslo,embedded/IOT/maskinvare,"848 000,00 kr",ja,Nei
45-49,5,24,"in-house, offentlig/kommunal sektor",Trøndelag,arkitektur,"848 000,00 kr",nei,Ja
20-24,4,3,konsulent,Rogaland,data science,"850 000,00 kr",ja,Ja
20-24,0,5,"in-house, privat sektor",Oslo,"frontend, web","850 000,00 kr",nei,Ja
25-29,5,5,konsulent,Oslo,app,"850 000,00 kr",ja,Nei
30-34,5,3,"in-house, privat sektor",Trøndelag,ledelse/administrativt,"850 000,00 kr",nei,Ja
30-34,3,5,"in-house, privat sektor",Trøndelag,devops,"850 000,00 kr",ja,Ja
30-34,5,6,"in-house, privat sektor",Vestland,"fullstack, web","850 000,00 kr",nei,Ja
30-34,5,7,konsulent,Vestland,"fullstack, web","850 000,00 kr",nei,Ja
30-34,5,8,"in-house, privat sektor",Agder,"fullstack, web","850 000,00 kr",ja,Ja
30-34,3,9,"in-house, privat sektor",Viken,"fullstack, web","850 000,00 kr",ja,Ja
30-34,3,10,konsulent,Oslo,"backend, web","850 000,00 kr",ja,Ja
30-34,3,11,"in-house, privat sektor",Vestland,databaser,"850 000,00 kr",nei,Ja
30-34,4,14,"in-house, privat sektor",Trøndelag,arkitektur,"850 000,00 kr",ja,Ja
30-34,0,15,konsulent,Innlandet,"fullstack, web","850 000,00 kr",nei,Ja
35-39,3,9,konsulent,Rogaland,"frontend, web","850 000,00 kr",ja,Ja
35-39,3,10,"in-house, privat sektor",Oslo,"fullstack, web","850 000,00 kr",nei,Ja
35-39,5,10,konsulent,Vestland,"backend, web","850 000,00 kr",nei,Ja
35-39,5,11,"in-house, privat sektor",Vestland,"fullstack, web","850 000,00 kr",ja,Ja
35-39,0,12,konsulent,Oslo,"fullstack, web","850 000,00 kr",ja,Nei
40-44,5,13,"in-house, privat sektor",Oslo,"frontend, web","850 000,00 kr",ja,Ja
40-44,3,14,"in-house, privat sektor",Oslo,"fullstack, web","850 000,00 kr",nei,Ja
40-44,3,15,"in-house, privat sektor",Oslo,"frontend, web","850 000,00 kr",nei,Nei
40-44,3,15,"in-house, privat sektor",Oslo,"fullstack, web","850 000,00 kr",nei,Ja
40-44,0,16,"in-house, privat sektor",Møre og Romsdal,"fullstack, web","850 000,00 kr",nei,Ja
40-44,5,16,"in-house, privat sektor",Trøndelag,"fullstack, web","850 000,00 kr",nei,Ja
40-44,5,16,konsulent,Vestland,"fullstack, web","850 000,00 kr",ja,Ja
40-44,3,20,"in-house, privat sektor",Vestland,programvare,"850 000,00 kr",nei,Nei
40-44,0,24,"in-house, privat sektor",Vestfold og Telemark,"backend, web","850 000,00 kr",nei,Nei
45-49,5,21,konsulent,Trøndelag,"fullstack, web","850 000,00 kr",ja,Nei
45-49,3,23,"in-house, privat sektor",Trøndelag,"frontend, web","850 000,00 kr",ja,Nei
45-49,5,24,"in-house, privat sektor",Oslo,"fullstack, web","850 000,00 kr",ja,Ja
50-54,5,12,konsulent,Rogaland,automatisering,"850 000,00 kr",nei,Nei
50-54,2,24,"in-house, privat sektor",Oslo,"backend, web","850 000,00 kr",nei,Nei
50-54,4,26,"in-house, offentlig/kommunal sektor",Viken,devops,"850 000,00 kr",nei,Ja
55-59,2,33,"in-house, privat sektor",Vestfold og Telemark,programvare,"850 000,00 kr",ja,Ja
60-64,5,35,"in-house, startup",Nordland,arkitektur,"850 000,00 kr",nei,Ja
30-34,"4,5",4,"in-house, privat sektor",Oslo,annet,"855 000,00 kr",nei,Ja
30-34,7,6,konsulent,Trøndelag,"fullstack, web","855 000,00 kr",ja,Ja
35-39,3,3,konsulent,Vestland,testing,"856 000,00 kr",ja,Ja
30-34,7,5,"in-house, privat sektor",Oslo,automatisering,"860 000,00 kr",ja,Ja
30-34,5,6,konsulent,Innlandet,"fullstack, web","860 000,00 kr",ja,Ja
30-34,5,8,konsulent,Oslo,"backend, web","860 000,00 kr",nei,Ja
35-39,3,20,"in-house, privat sektor",Agder,arkitektur,"860 000,00 kr",nei,Ja
45-49,5,15,konsulent,Oslo,UX / design,"860 000,00 kr",ja,Ja
25-29,3,6,"in-house, privat sektor",Oslo,"backend, web","862 000,00 kr",nei,Ja
30-34,5,6,konsulent,Oslo,"fullstack, web","865 000,00 kr",ja,Ja
30-34,5,8,konsulent,Oslo,"backend, web","865 000,00 kr",ja,Ja
30-34,4,11,"in-house, privat sektor",Innlandet,programvare,"865 000,00 kr",ja,Ja
35-39,4,23,"in-house, privat sektor",Oslo,annet,"865 000,00 kr",ja,Ja
45-49,4,16,"in-house, privat sektor",Troms og Finnmark,"frontend, web","865 000,00 kr",nei,Ja
45-49,3,20,"in-house, privat sektor",Vestfold og Telemark,"backend, web","865 000,00 kr",ja,Ja
40-44,5,20,"in-house, privat sektor",Vestland,ledelse/administrativt,"866 000,00 kr",nei,Ja
30-34,3,10,konsulent,Oslo,automatisering,"867 000,00 kr",ja,Nei
35-39,0,9,konsulent,Oslo,ledelse/administrativt,"869 000,00 kr",ja,Ja
45-49,3,12,"in-house, offentlig/kommunal sektor",Oslo,"backend, web","869 000,00 kr",nei,Ja
35-39,3,20,"in-house, privat sektor",Oslo,programvare,"870 000,00 kr",nei,Ja
45-49,3,24,konsulent,Rogaland,"fullstack, web","870 000,00 kr",ja,Ja
30-34,5,5,konsulent,Oslo,"backend, web","872 000,00 kr",nei,Nei
40-44,0,5,"in-house, privat sektor",Oslo,"frontend, web","873 000,00 kr",nei,Ja
25-29,4,7,"in-house, privat sektor",Vestland,"frontend, web","875 000,00 kr",nei,Ja
30-34,0,6,"in-house, startup",Vestfold og Telemark,embedded/IOT/maskinvare,"875 000,00 kr",nei,Ja
35-39,3,10,"in-house, privat sektor",Oslo,"backend, web","875 000,00 kr",nei,Ja
35-39,3,20,"in-house, privat sektor",Oslo,ledelse/administrativt,"875 000,00 kr",nei,Ja
40-44,0,6,konsulent,Oslo,"frontend, web","875 000,00 kr",nei,Ja
40-44,0,6,konsulent,Oslo,"fullstack, web","875 000,00 kr",ja,Ja
45-49,3,21,"in-house, privat sektor",Vestland,"frontend, web","875 000,00 kr",nei,Ja
50-54,0,27,"in-house, privat sektor",Oslo,devops,"875 000,00 kr",ja,Ja
30-34,5,6,"in-house, privat sektor",Viken,programvare,"875 500,00 kr",nei,Ja
45-49,6,22,"in-house, privat sektor",Viken,embedded/IOT/maskinvare,"876 000,00 kr",ja,Nei
30-34,6,10,konsulent,Oslo,"fullstack, web","878 000,00 kr",nei,Ja
30-34,3,5,konsulent,Oslo,"fullstack, web","880 000,00 kr",nei,Ja
30-34,5,7,"in-house, privat sektor",Oslo,"backend, web","880 000,00 kr",ja,Ja
30-34,5,8,"in-house, privat sektor",Oslo,"fullstack, web","880 000,00 kr",ja,Nei
35-39,3,10,konsulent,Oslo,"fullstack, web","880 000,00 kr",ja,Ja
35-39,0,12,"in-house, privat sektor",Oslo,devops,"880 000,00 kr",ja,Ja
35-39,3,12,"in-house, privat sektor",Oslo,"fullstack, web","880 000,00 kr",nei,Ja
35-39,3,14,konsulent,Oslo,"frontend, web","882 000,00 kr",nei,Nei
35-39,3,13,"in-house, offentlig/kommunal sektor",Oslo,arkitektur,"883 600,00 kr",nei,Ja
30-34,5,7,"in-house, privat sektor",Oslo,"backend, web","885 000,00 kr",ja,Nei
45-49,3,24,"in-house, privat sektor",Troms og Finnmark,"fullstack, web","885 000,00 kr",nei,Ja
30-34,3,6,"in-house, offentlig/kommunal sektor",Oslo,devops,"886 000,00 kr",nei,Ja
30-34,5,6,konsulent,Oslo,"fullstack, web","887 000,00 kr",ja,Ja
30-34,5,5,konsulent,Vestland,data science,"890 000,00 kr",ja,Ja
30-34,5,6,konsulent,Oslo,"fullstack, web","890 000,00 kr",nei,Ja
30-34,5,6,konsulent,Oslo,"fullstack, web","890 000,00 kr",nei,Ja
35-39,5,12,konsulent,Rogaland,"fullstack, web","890 000,00 kr",nei,Ja
35-39,5,12,"in-house, privat sektor",Trøndelag,"fullstack, web","890 000,00 kr",nei,Nei
45-49,5,16,konsulent,Oslo,arkitektur,"890 000,00 kr",ja,Ja
45-49,2,22,"in-house, offentlig/kommunal sektor",Rogaland,automatisering,"890 000,00 kr",ja,Ja
45-49,4,23,konsulent,Trøndelag,arkitektur,"890 000,00 kr",ja,Ja
35-39,3,12,"in-house, privat sektor",Oslo,"fullstack, web","895 000,00 kr",ja,Ja
25-29,3,5,"in-house, privat sektor",Vestfold og Telemark,"backend, web","898 000,00 kr",nei,Ja
40-44,3,16,konsulent,Oslo,"frontend, web","899 000,00 kr",nei,Ja
20-24,0,6,"in-house, privat sektor",Oslo,ledelse/administrativt,"900 000,00 kr",nei,Ja
25-29,3,2,konsulent,Trøndelag,"frontend, web","900 000,00 kr",nei,Ja
25-29,3,4,konsulent,Oslo,"backend, web","900 000,00 kr",nei,Ja
25-29,5,5,konsulent,Oslo,"backend, web","900 000,00 kr",nei,Ja
25-29,4,5,konsulent,Oslo,"frontend, web","900 000,00 kr",ja,Ja
25-29,5,6,konsulent,Oslo,data science,"900 000,00 kr",ja,Nei
25-29,4,7,"in-house, privat sektor",Oslo,devops,"900 000,00 kr",ja,Ja
30-34,5,4,"in-house, privat sektor",Oslo,ledelse/administrativt,"900 000,00 kr",ja,Ja
30-34,5,5,konsulent,Oslo,"fullstack, web","900 000,00 kr",ja,Ja
30-34,5,6,"in-house, privat sektor",Oslo,app,"900 000,00 kr",nei,Ja
30-34,3,6,konsulent,Oslo,"backend, web","900 000,00 kr",ja,Ja
30-34,5,6,"in-house, privat sektor",Oslo,"frontend, web","900 000,00 kr",nei,Ja
30-34,3,7,konsulent,Oslo,app,"900 000,00 kr",nei,Ja
30-34,5,7,konsulent,Oslo,"fullstack, web","900 000,00 kr",ja,Ja
30-34,5,8,"in-house, privat sektor",Oslo,devops,"900 000,00 kr",nei,Ja
30-34,3,10,"in-house, privat sektor",Oslo,arkitektur,"900 000,00 kr",nei,Ja
30-34,3,10,konsulent,Oslo,"backend, web","900 000,00 kr",ja,Ja
30-34,5,11,"in-house, privat sektor",Oslo,"fullstack, web","900 000,00 kr",ja,Ja
30-34,0,13,"in-house, privat sektor",Oslo,arkitektur,"900 000,00 kr",nei,Ja
30-34,2,16,konsulent,Oslo,"backend, web","900 000,00 kr",ja,Ja
35-39,0,8,"in-house, privat sektor",Oslo,arkitektur,"900 000,00 kr",ja,Nei
35-39,5,9,konsulent,Viken,"fullstack, web","900 000,00 kr",ja,Ja
35-39,3,11,"in-house, startup",Vestland,ledelse/administrativt,"900 000,00 kr",ja,Ja
35-39,3,13,frilans / selvstendig næringsdrivende,utlandet,"fullstack, web","900 000,00 kr",nei,Ja
35-39,3,14,"in-house, privat sektor",Viken,ledelse/administrativt,"900 000,00 kr",ja,Ja
40-44,0,23,konsulent,Oslo,"frontend, web","900 000,00 kr",ja,Ja
40-44,0,25,konsulent,Viken,"fullstack, web","900 000,00 kr",ja,Ja
45-49,5,25,"in-house, privat sektor",Rogaland,"fullstack, web","900 000,00 kr",nei,Nei
50-54,5,24,konsulent,Rogaland,programvare,"900 000,00 kr",ja,Nei
60-64,5,43,"in-house, privat sektor",Oslo,"backend, web","900 000,00 kr",nei,Nei
30-34,5,10,konsulent,Trøndelag,"backend, web","901 000,00 kr",ja,Ja
40-44,3,25,"in-house, privat sektor",Trøndelag,arkitektur,"902 700,00 kr",ja,Nei
40-44,6,21,"in-house, privat sektor",Trøndelag,embedded/IOT/maskinvare,"903 000,00 kr",ja,Nei
40-44,4,22,"in-house, privat sektor",Rogaland,ledelse/administrativt,"905 000,00 kr",nei,Ja
45-49,3,25,konsulent,Vestland,"backend, web","906 000,00 kr",ja,Ja
45-49,4,22,"in-house, privat sektor",Vestland,"fullstack, web","907 000,00 kr",ja,Nei
40-44,6,14,"in-house, privat sektor",Vestland,arkitektur,"910 000,00 kr",ja,Ja
45-49,5,20,"in-house, offentlig/kommunal sektor",Oslo,ledelse/administrativt,"910 000,00 kr",nei,Ja
25-29,5,5,konsulent,Oslo,"fullstack, web","915 000,00 kr",nei,Ja
40-44,5,17,konsulent,Agder,"fullstack, web","915 000,00 kr",ja,Ja
45-49,3,17,"in-house, privat sektor",Oslo,"fullstack, web","915 000,00 kr",nei,Ja
35-39,5,10,"in-house, offentlig/kommunal sektor",Oslo,ledelse/administrativt,"917 000,00 kr",ja,Ja
35-39,3,17,"in-house, offentlig/kommunal sektor",Oslo,"frontend, web","919 700,00 kr",nei,Ja
30-34,3,6,konsulent,Oslo,"fullstack, web","920 000,00 kr",nei,Ja
35-39,2,9,konsulent,Oslo,annet,"920 000,00 kr",ja,Ja
35-39,0,11,"in-house, privat sektor",Rogaland,"fullstack, web","920 000,00 kr",ja,Ja
35-39,5,14,"in-house, privat sektor",Trøndelag,embedded/IOT/maskinvare,"920 000,00 kr",ja,Nei
40-44,3,13,"in-house, privat sektor",Oslo,programvare,"920 000,00 kr",ja,Ja
40-44,5,15,konsulent,Viken,databaser,"920 000,00 kr",ja,Ja
50-54,3,27,"in-house, privat sektor",Vestfold og Telemark,embedded/IOT/maskinvare,"920 000,00 kr",nei,Ja
40-44,3,18,"in-house, privat sektor",Oslo,embedded/IOT/maskinvare,"921 100,00 kr",nei,Ja
35-39,5,10,konsulent,Oslo,"backend, web","923 000,00 kr",nei,Ja
45-49,5,22,"in-house, privat sektor",Agder,ledelse/administrativt,"924 504,00 kr",ja,Ja
40-44,3,21,konsulent,Oslo,"fullstack, web","927 000,00 kr",nei,Ja
30-34,5,7,"in-house, privat sektor",Oslo,"fullstack, web","930 000,00 kr",nei,Ja
35-39,4,11,konsulent,Oslo,databaser,"930 000,00 kr",ja,Ja
35-39,4,11,konsulent,Oslo,databaser,"930 000,00 kr",ja,Ja
35-39,5,14,"in-house, privat sektor",Vestland,"fullstack, web","930 000,00 kr",ja,Ja
45-49,5,20,"in-house, privat sektor",Troms og Finnmark,programvare,"930 000,00 kr",ja,Nei
50-54,5,24,"in-house, privat sektor",Viken,"frontend, web","932 000,00 kr",nei,Nei
30-34,1,12,"in-house, privat sektor",Oslo,"fullstack, web","935 000,00 kr",nei,Ja
35-39,4,13,"in-house, offentlig/kommunal sektor",Oslo,"backend, web","939 600,00 kr",nei,Ja
40-44,3,17,"in-house, startup",Oslo,"fullstack, web","940 000,00 kr",nei,Ja
40-44,3,17,"in-house, privat sektor",Oslo,"fullstack, web","940 000,00 kr",nei,Ja
45-49,2,24,"in-house, privat sektor",Troms og Finnmark,"fullstack, web","940 000,00 kr",ja,Ja
30-34,8,8,"in-house, privat sektor",Oslo,arkitektur,"943 000,00 kr",nei,Ja
50-54,4,27,konsulent,Innlandet,embedded/IOT/maskinvare,"943 000,00 kr",ja,Ja
35-39,5,15,"in-house, privat sektor",Nordland,arkitektur,"944 000,00 kr",ja,Ja
40-44,5,14,"in-house, offentlig/kommunal sektor",Trøndelag,arkitektur,"946 668,00 kr",nei,Ja
25-29,3,4,konsulent,Oslo,"fullstack, web","950 000,00 kr",ja,Ja
25-29,3,5,"in-house, privat sektor",Oslo,"frontend, web","950 000,00 kr",ja,Nei
25-29,0,11,"in-house, offentlig/kommunal sektor",Oslo,"fullstack, web","950 000,00 kr",nei,Ja
30-34,5,5,konsulent,Oslo,"fullstack, web","950 000,00 kr",nei,Nei
30-34,5,7,"in-house, offentlig/kommunal sektor",Oslo,"backend, web","950 000,00 kr",nei,Ja
30-34,3,7,konsulent,Oslo,data science,"950 000,00 kr",nei,Ja
30-34,3,7,konsulent,Oslo,devops,"950 000,00 kr",ja,Ja
30-34,4,10,konsulent,Innlandet,sikkerhet,"950 000,00 kr",ja,Ja
30-34,5,10,"in-house, startup",Oslo,"fullstack, web","950 000,00 kr",nei,Ja
35-39,3,3,konsulent,Vestland,"backend, web","950 000,00 kr",nei,Ja
35-39,6,4,"in-house, privat sektor",Oslo,devops,"950 000,00 kr",nei,Ja
35-39,5,10,"in-house, privat sektor",Oslo,"backend, web","950 000,00 kr",ja,Ja
35-39,3,13,frilans / selvstendig næringsdrivende,Viken,"fullstack, web","950 000,00 kr",nei,Ja
35-39,2,16,"in-house, startup",Møre og Romsdal,"fullstack, web","950 000,00 kr",nei,Ja
35-39,0,18,"in-house, privat sektor",Vestfold og Telemark,"backend, web","950 000,00 kr",ja,Ja
40-44,3,10,konsulent,Oslo,"backend, web","950 000,00 kr",nei,Ja
40-44,6,14,"in-house, privat sektor",Oslo,"backend, web","950 000,00 kr",nei,Ja
40-44,7,14,"in-house, startup",Vestfold og Telemark,"backend, web","950 000,00 kr",nei,Ja
40-44,3,15,"in-house, privat sektor",Oslo,"fullstack, web","950 000,00 kr",nei,Ja
40-44,5,15,"in-house, startup",Vestfold og Telemark,"fullstack, web","950 000,00 kr",nei,Ja
40-44,5,15,konsulent,Vestland,"backend, web","950 000,00 kr",nei,Ja
40-44,5,16,"in-house, privat sektor",Oslo,"backend, web","950 000,00 kr",ja,Ja
40-44,5,16,"in-house, privat sektor",Trøndelag,"fullstack, web","950 000,00 kr",nei,Nei
40-44,5,18,"in-house, privat sektor",Oslo,devops,"950 000,00 kr",ja,Ja
40-44,0,20,konsulent,Oslo,"backend, web","950 000,00 kr",ja,Ja
40-44,4,20,konsulent,Oslo,"frontend, web","950 000,00 kr",nei,Ja
55-59,5,34,"in-house, offentlig/kommunal sektor",Oslo,"backend, web","950 000,00 kr",nei,Ja
40-44,3,15,"in-house, privat sektor",Vestland,ledelse/administrativt,"953 280,00 kr",nei,Ja
30-34,4,10,konsulent,Oslo,"frontend, web","955 000,00 kr",ja,Ja
30-34,0,11,konsulent,Vestfold og Telemark,arkitektur,"955 000,00 kr",ja,Ja
30-34,5,10,"in-house, offentlig/kommunal sektor",Oslo,"fullstack, web","960 000,00 kr",ja,Ja
35-39,0,16,"in-house, privat sektor",Viken,arkitektur,"960 000,00 kr",ja,Ja
40-44,5,16,"in-house, privat sektor",Oslo,embedded/IOT/maskinvare,"960 000,00 kr",ja,Ja
40-44,5,17,konsulent,Oslo,"backend, web","960 000,00 kr",ja,Ja
45-49,3,26,"in-house, privat sektor",Innlandet,programvare,"960 000,00 kr",nei,Ja
30-34,3,6,"in-house, privat sektor",Viken,ledelse/administrativt,"965 000,00 kr",nei,Ja
35-39,3,11,"in-house, privat sektor",Rogaland,ledelse/administrativt,"965 000,00 kr",nei,Ja
35-39,5,7,"in-house, privat sektor",Oslo,devops,"970 000,00 kr",nei,Nei
35-39,2,15,"in-house, privat sektor",Agder,annet,"970 000,00 kr",nei,Ja
40-44,5,16,"in-house, privat sektor",Vestland,embedded/IOT/maskinvare,"970 000,00 kr",ja,Ja
40-44,5,17,"in-house, offentlig/kommunal sektor",Oslo,ledelse/administrativt,"970 000,00 kr",nei,Nei
45-49,5,21,"in-house, offentlig/kommunal sektor",Møre og Romsdal,ledelse/administrativt,"970 000,00 kr",ja,Ja
45-49,3,25,"in-house, privat sektor",Vestland,"fullstack, web","970 000,00 kr",nei,Nei
50-54,6,28,"in-house, privat sektor",Innlandet,"backend, web","970 000,00 kr",ja,Ja
30-34,5,8,konsulent,Oslo,"fullstack, web","975 000,00 kr",nei,Ja
40-44,5,15,"in-house, privat sektor",Oslo,"frontend, web","975 000,00 kr",ja,Nei
50-54,5,25,"in-house, offentlig/kommunal sektor",Oslo,"fullstack, web","977 600,00 kr",nei,Ja
30-34,3,5,konsulent,Viken,"frontend, web","980 000,00 kr",ja,Ja
30-34,3,8,konsulent,Vestland,"frontend, web","980 000,00 kr",ja,Ja
40-44,5,15,"in-house, privat sektor",Oslo,"backend, web","980 000,00 kr",nei,Ja
40-44,5,16,"in-house, offentlig/kommunal sektor",Vestfold og Telemark,annet,"980 000,00 kr",nei,Ja
50-54,3,27,konsulent,Oslo,"fullstack, web","980 000,00 kr",ja,Ja
45-49,3,22,"in-house, privat sektor",Viken,arkitektur,"987 600,00 kr",nei,Ja
35-39,3,10,"in-house, privat sektor",Oslo,ledelse/administrativt,"990 000,00 kr",nei,Ja
35-39,5,16,konsulent,Viken,arkitektur,"990 000,00 kr",ja,Ja
40-44,5,17,"in-house, privat sektor",Oslo,app,"990 000,00 kr",ja,Ja
20-24,4,2,"in-house, offentlig/kommunal sektor",Innlandet,ledelse/administrativt,"990 200,00 kr",ja,Ja
30-34,5,10,konsulent,Trøndelag,app,"997 000,00 kr",ja,Ja
35-39,3,15,"in-house, privat sektor",Vestland,"frontend, web","997 000,00 kr",ja,Nei
35-39,3,20,"in-house, privat sektor",Vestland,"fullstack, web","997 500,00 kr",nei,Nei
40-44,5,16,"in-house, privat sektor",Trøndelag,app,"999 000,00 kr",ja,Ja
20-24,3,5,konsulent,Oslo,"backend, web","1 000 000,00 kr",ja,Ja
25-29,5,2,konsulent,Vestland,"frontend, web","1 000 000,00 kr",nei,Ja
25-29,5,4,konsulent,Oslo,"frontend, web","1 000 000,00 kr",nei,Ja
25-29,5,5,konsulent,Oslo,"backend, web","1 000 000,00 kr",nei,Ja
25-29,0,5,konsulent,Oslo,"frontend, web","1 000 000,00 kr",ja,Ja
30-34,3,7,konsulent,Vestland,"fullstack, web","1 000 000,00 kr",nei,Ja
30-34,0,15,frilans / selvstendig næringsdrivende,Oslo,"fullstack, web","1 000 000,00 kr",ja,Ja
35-39,3,7,konsulent,Oslo,"frontend, web","1 000 000,00 kr",ja,Ja
35-39,4,14,"in-house, privat sektor",Viken,"fullstack, web","1 000 000,00 kr",nei,Ja
35-39,5,15,"in-house, privat sektor",Oslo,sikkerhet,"1 000 000,00 kr",nei,Ja
40-44,3,13,konsulent,Oslo,"backend, web","1 000 000,00 kr",ja,Ja
40-44,5,15,"in-house, startup",Trøndelag,"backend, web","1 000 000,00 kr",nei,Ja
40-44,3,18,konsulent,Oslo,devops,"1 000 000,00 kr",ja,Ja
40-44,3,18,konsulent,Oslo,devops,"1 000 000,00 kr",nei,Ja
45-49,"2,5",22,"in-house, privat sektor",Viken,devops,"1 000 000,00 kr",nei,Ja
45-49,4,23,"in-house, privat sektor",Viken,arkitektur,"1 000 000,00 kr",nei,Ja
45-49,6,24,konsulent,Oslo,programvare,"1 000 000,00 kr",ja,Ja
50-54,4,25,konsulent,Trøndelag,"fullstack, web","1 000 000,00 kr",ja,Ja
50-54,4,25,"in-house, startup",Viken,ledelse/administrativt,"1 000 000,00 kr",nei,Ja
50-54,5,28,"in-house, privat sektor",Trøndelag,"backend, web","1 000 000,00 kr",nei,Nei
50-54,5,30,frilans / selvstendig næringsdrivende,Trøndelag,embedded/IOT/maskinvare,"1 000 000,00 kr",ja,Ja
55-59,4,20,konsulent,Viken,databaser,"1 000 000,00 kr",nei,Nei
30-34,3,9,konsulent,Oslo,"frontend, web","1 001 000,00 kr",nei,Ja
30-34,3,15,"in-house, privat sektor",Vestland,UX / design,"1 001 000,00 kr",nei,Ja
30-34,5,12,"in-house, privat sektor",Oslo,"frontend, web","1 005 000,00 kr",ja,Ja
40-44,5,17,"in-house, privat sektor",Oslo,ledelse/administrativt,"1 015 000,00 kr",ja,Ja
35-39,3,11,"in-house, privat sektor",Oslo,"fullstack, web","1 016 000,00 kr",ja,Ja
40-44,3,15,konsulent,Møre og Romsdal,"backend, web","1 020 000,00 kr",ja,Nei
40-44,8,15,"in-house, privat sektor",Rogaland,embedded/IOT/maskinvare,"1 020 000,00 kr",nei,Ja
40-44,3,15,"in-house, privat sektor",Oslo,devops,"1 021 000,00 kr",nei,Ja
25-29,3,9,"in-house, privat sektor",Viken,"frontend, web","1 024 000,00 kr",nei,Nei
35-39,0,8,konsulent,Trøndelag,"frontend, web","1 025 000,00 kr",nei,Ja
40-44,6,18,konsulent,Oslo,ledelse/administrativt,"1 025 000,00 kr",ja,Nei
30-34,0,10,"in-house, privat sektor",Oslo,"backend, web","1 030 000,00 kr",nei,Ja
35-39,4,16,konsulent,Oslo,"fullstack, web","1 030 000,00 kr",ja,Nei
35-39,0,20,konsulent,Troms og Finnmark,arkitektur,"1 030 000,00 kr",nei,Ja
45-49,3,21,"in-house, privat sektor",Trøndelag,annet,"1 030 000,00 kr",ja,Ja
45-49,3,25,"in-house, startup",Rogaland,"backend, web","1 030 000,00 kr",ja,Ja
50-54,0,24,konsulent,Oslo,"frontend, web","1 030 000,00 kr",ja,Ja
40-44,0,22,"in-house, privat sektor",Oslo,"fullstack, web","1 033 000,00 kr",nei,Ja
35-39,5,12,konsulent,Trøndelag,arkitektur,"1 037 000,00 kr",ja,Ja
25-29,3,6,konsulent,Vestland,"fullstack, web","1 040 000,00 kr",ja,Ja
40-44,5,15,konsulent,Trøndelag,sikkerhet,"1 040 000,00 kr",ja,Ja
40-44,4,19,konsulent,Oslo,arkitektur,"1 040 000,00 kr",ja,Ja
35-39,5,13,konsulent,Viken,ledelse/administrativt,"1 044 000,00 kr",ja,Ja
30-34,5,10,konsulent,Oslo,ledelse/administrativt,"1 045 000,00 kr",ja,Ja
35-39,3,14,konsulent,Oslo,"fullstack, web","1 045 000,00 kr",ja,Ja
30-34,3,10,"in-house, startup",Viken,devops,"1 050 000,00 kr",ja,Ja
35-39,3,14,konsulent,Oslo,programvare,"1 050 000,00 kr",nei,Ja
40-44,5,17,"in-house, privat sektor",Vestland,app,"1 050 000,00 kr",ja,Ja
40-44,3,20,"in-house, startup",Oslo,"backend, web","1 050 000,00 kr",nei,Ja
40-44,3,22,konsulent,Rogaland,"backend, web","1 050 000,00 kr",ja,Ja
40-44,0,24,"in-house, privat sektor",Trøndelag,devops,"1 050 000,00 kr",ja,Ja
45-49,5,12,konsulent,Viken,"backend, web","1 050 000,00 kr",nei,Nei
45-49,5,15,"in-house, privat sektor",Oslo,arkitektur,"1 050 000,00 kr",ja,Ja
45-49,3,22,"in-house, privat sektor",Oslo,"backend, web","1 050 000,00 kr",ja,Ja
50-54,4,22,"in-house, privat sektor",Rogaland,"backend, web","1 050 000,00 kr",ja,Ja
45-49,6,25,"in-house, offentlig/kommunal sektor",Oslo,"frontend, web","1 055 000,00 kr",nei,Ja
25-29,5,3,"in-house, privat sektor",Oslo,"frontend, web","1 060 000,00 kr",ja,Ja
40-44,3,20,"in-house, offentlig/kommunal sektor",Oslo,arkitektur,"1 060 000,00 kr",nei,Nei
40-44,4,22,"in-house, privat sektor",Oslo,ledelse/administrativt,"1 060 000,00 kr",nei,Ja
40-44,5,16,"in-house, privat sektor",Oslo,"fullstack, web","1 070 000,00 kr",nei,Ja
40-44,3,20,"in-house, privat sektor",Oslo,programvare,"1 090 000,00 kr",nei,Ja
45-49,5,17,konsulent,Oslo,"backend, web","1 090 000,00 kr",ja,Ja
40-44,5,14,"in-house, privat sektor",Oslo,sikkerhet,"1 095 000,00 kr",nei,Ja
25-29,3,4,konsulent,Oslo,"fullstack, web","1 100 000,00 kr",nei,Ja
25-29,0,13,frilans / selvstendig næringsdrivende,utlandet,"frontend, web","1 100 000,00 kr",nei,Ja
30-34,3,5,konsulent,Oslo,"frontend, web","1 100 000,00 kr",ja,Ja
30-34,3,7,konsulent,Oslo,"frontend, web","1 100 000,00 kr",nei,Ja
30-34,5,7,konsulent,Trøndelag,"backend, web","1 100 000,00 kr",nei,Ja
30-34,3,12,"in-house, startup",Vestland,app,"1 100 000,00 kr",ja,Ja
35-39,5,12,konsulent,Oslo,"fullstack, web","1 100 000,00 kr",ja,Ja
35-39,5,14,konsulent,Vestland,"fullstack, web","1 100 000,00 kr",nei,Ja
35-39,5,17,konsulent,Trøndelag,arkitektur,"1 100 000,00 kr",ja,Ja
40-44,4,17,konsulent,Oslo,"backend, web","1 100 000,00 kr",nei,Ja
40-44,0,18,"in-house, privat sektor",Vestland,ledelse/administrativt,"1 100 000,00 kr",ja,Ja
45-49,6,25,konsulent,Oslo,"frontend, web","1 100 000,00 kr",ja,Ja
45-49,4,26,"in-house, privat sektor",Oslo,ledelse/administrativt,"1 100 000,00 kr",ja,Ja
45-49,4,24,konsulent,Oslo,"backend, web","1 106 000,00 kr",ja,Ja
40-44,9,15,konsulent,Oslo,"backend, web","1 109 000,00 kr",ja,Ja
30-34,5,7,konsulent,Oslo,devops,"1 117 000,00 kr",nei,Ja
30-34,5,5,konsulent,Oslo,devops,"1 125 000,00 kr",ja,Nei
35-39,3,21,"in-house, privat sektor",Oslo,sikkerhet,"1 130 000,00 kr",nei,Ja
25-29,3,5,konsulent,Vestland,"backend, web","1 150 000,00 kr",ja,Ja
35-39,5,10,konsulent,Trøndelag,data science,"1 150 000,00 kr",ja,Ja
45-49,8,17,"in-house, privat sektor",Oslo,programvare,"1 150 000,00 kr",nei,Ja
45-49,5,21,"in-house, privat sektor",Rogaland,ledelse/administrativt,"1 150 000,00 kr",nei,Ja
45-49,5,22,konsulent,Oslo,annet,"1 150 000,00 kr",ja,Ja
55-59,8,32,"in-house, privat sektor",Trøndelag,ledelse/administrativt,"1 150 000,00 kr",ja,Ja
25-29,5,5,"in-house, privat sektor",Viken,"fullstack, web","1 175 000,00 kr",nei,Ja
45-49,5,20,"in-house, privat sektor",Møre og Romsdal,ledelse/administrativt,"1 180 000,00 kr",nei,Ja
50-54,3,27,"in-house, offentlig/kommunal sektor",Oslo,ledelse/administrativt,"1 187 000,00 kr",nei,Ja
20-24,5,2,konsulent,Vestland,"backend, web","1 200 000,00 kr",ja,Ja
20-24,0,5,"in-house, startup",utlandet,"fullstack, web","1 200 000,00 kr",nei,Ja
25-29,3,4,frilans / selvstendig næringsdrivende,Oslo,"backend, web","1 200 000,00 kr",ja,Ja
25-29,0,10,konsulent,Agder,ledelse/administrativt,"1 200 000,00 kr",ja,Ja
30-34,5,6,"in-house, startup",Rogaland,"fullstack, web","1 200 000,00 kr",nei,Ja
30-34,4,9,konsulent,Oslo,"fullstack, web","1 200 000,00 kr",ja,Ja
30-34,0,10,konsulent,Rogaland,"fullstack, web","1 200 000,00 kr",nei,Nei
30-34,2,13,frilans / selvstendig næringsdrivende,Innlandet,sikkerhet,"1 200 000,00 kr",nei,Ja
35-39,0,7,konsulent,Vestfold og Telemark,"fullstack, web","1 200 000,00 kr",ja,Ja
35-39,3,10,frilans / selvstendig næringsdrivende,Rogaland,"fullstack, web","1 200 000,00 kr",nei,Ja
35-39,3,11,konsulent,Rogaland,"backend, web","1 200 000,00 kr",ja,Ja
35-39,0,12,konsulent,Oslo,data science,"1 200 000,00 kr",ja,Nei
35-39,5,12,"in-house, privat sektor",Oslo,data science,"1 200 000,00 kr",ja,Ja
40-44,3,15,konsulent,Oslo,"fullstack, web","1 200 000,00 kr",nei,Ja
40-44,5,17,"in-house, startup",Agder,ledelse/administrativt,"1 200 000,00 kr",nei,Ja
40-44,5,20,frilans / selvstendig næringsdrivende,Oslo,"backend, web","1 200 000,00 kr",ja,Ja
45-49,3,25,"in-house, privat sektor",Oslo,"backend, web","1 200 000,00 kr",nei,Nei
35-39,8,10,"in-house, startup",Rogaland,ledelse/administrativt,"1 230 000,00 kr",nei,Ja
35-39,5,11,konsulent,Oslo,arkitektur,"1 240 000,00 kr",ja,Ja
30-34,3,7,konsulent,Oslo,app,"1 250 000,00 kr",nei,Ja
30-34,5,7,"in-house, privat sektor",Oslo,devops,"1 250 000,00 kr",ja,Ja
30-34,5,9,"in-house, startup",Oslo,embedded/IOT/maskinvare,"1 250 000,00 kr",nei,Ja
40-44,5,15,"in-house, privat sektor",Oslo,arkitektur,"1 250 000,00 kr",ja,Ja
45-49,7,22,konsulent,Vestland,"backend, web","1 266 840,00 kr",nei,Ja
35-39,3,11,frilans / selvstendig næringsdrivende,Viken,programvare,"1 300 000,00 kr",nei,Ja
35-39,0,19,"in-house, privat sektor",Oslo,ledelse/administrativt,"1 300 000,00 kr",ja,Ja
40-44,5,13,frilans / selvstendig næringsdrivende,Oslo,"backend, web","1 300 000,00 kr",nei,Ja
40-44,5,16,konsulent,Viken,"backend, web","1 300 000,00 kr",nei,Ja
40-44,4,18,konsulent,Oslo,"fullstack, web","1 300 000,00 kr",ja,Ja
40-44,10,20,"in-house, privat sektor",Oslo,ledelse/administrativt,"1 300 000,00 kr",nei,Ja
45-49,4,20,"in-house, privat sektor",Viken,devops,"1 300 000,00 kr",ja,Ja
45-49,5,24,"in-house, privat sektor",Oslo,programvare,"1 300 000,00 kr",ja,Ja
50-54,0,30,frilans / selvstendig næringsdrivende,Oslo,arkitektur,"1 300 000,00 kr",ja,Ja
35-39,5,14,konsulent,Oslo,"backend, web","1 350 000,00 kr",nei,Ja
30-34,3,10,konsulent,Oslo,"fullstack, web","1 400 000,00 kr",nei,Ja
50-54,6,25,frilans / selvstendig næringsdrivende,Oslo,"fullstack, web","1 400 000,00 kr",ja,Ja
50-54,5,26,"in-house, privat sektor",Rogaland,sikkerhet,"1 400 000,00 kr",ja,Ja
35-39,0,20,konsulent,Trøndelag,app,"1 500 000,00 kr",nei,Nei
40-44,5,16,konsulent,Oslo,"backend, web","1 500 000,00 kr",nei,Ja
45-49,4,25,"in-house, privat sektor",Oslo,ledelse/administrativt,"1 500 000,00 kr",ja,Ja
50-54,0,33,konsulent,Viken,"fullstack, web","1 550 000,00 kr",ja,Ja
40-44,5,16,"in-house, privat sektor",Oslo,embedded/IOT/maskinvare,"1 572 000,00 kr",ja,Ja
40-44,5,17,konsulent,Oslo,"fullstack, web","1 600 000,00 kr",nei,Ja
45-49,5,20,konsulent,Oslo,testing,"1 600 000,00 kr",ja,Ja
50-54,3,28,konsulent,Oslo,app,"1 600 000,00 kr",ja,Ja
40-44,3,23,konsulent,Oslo,databaser,"1 620 000,00 kr",ja,Ja
30-34,5,7,konsulent,Oslo,ledelse/administrativt,"1 650 000,00 kr",nei,Ja
40-44,5,20,"in-house, privat sektor",utlandet,devops,"1 650 000,00 kr",ja,Ja
40-44,5,17,"in-house, privat sektor",Oslo,ledelse/administrativt,"1 700 000,00 kr",ja,Ja
45-49,3,23,frilans / selvstendig næringsdrivende,Viken,"backend, web","1 800 000,00 kr",nei,Ja
40-44,0,10,frilans / selvstendig næringsdrivende,Oslo,arkitektur,"1 870 000,00 kr",nei,Ja
35-39,3,14,frilans / selvstendig næringsdrivende,Oslo,"fullstack, web","2 000 000,00 kr",nei,Ja
35-39,3,16,"in-house, startup",Oslo,ledelse/administrativt,"2 000 000,00 kr",nei,Ja
40-44,5,16,konsulent,Oslo,"backend, web","2 000 000,00 kr",nei,Ja
20-24,0,4,frilans / selvstendig næringsdrivende,Oslo,"fullstack, web","2 200 000,00 kr",ja,Ja
45-49,1,20,konsulent,Agder,arkitektur,"2 200 000,00 kr",nei,Ja
35-39,5,15,frilans / selvstendig næringsdrivende,Oslo,arkitektur,"2 600 000,00 kr",nei,Ja